Workbook
Name WBSLINK_GOVERNED_RECORDS: 'MASTER DATA'!$A$1:$W$1627

Sheet 01 PROJECT
A2: ZP SYNERGY GROUP INC.
A4: WBS↔LINK™
A5: Premium Integrated Project Controls Workbook
A7: HarbourLink Urban Transit Expansion
A10: Workbook state | B10: Approved project-controls relationship state
A11: Reporting / data date | B11: 2026-07-31 (Contractor Programme Rev 1); 2026-07-31 (Cost & Forecast Control Accounts Rev 1); 2026-07-31 (Commercial Package Register Rev 1)
A12: Approved by | B12: Maya Chen, Owner Project Controls
A13: Approved (UTC) | B13: 2026-10-16 14:14
A14: WBS version | B14: 1
A15: Source set | B15: Commercial Package Register (WORK_PACKAGE_LIST, Rev 1); Contractor Programme (SCHEDULE, Rev 1); Cost & Forecast Control Accounts (COST_ESTIMATE, Rev 1); Owner WBS (WBS_DICTIONARY, Rev 0)
A18: HarbourLink is a fictional infrastructure example. Owner WBS is the owner’s common list of project work. Begin with one approved finding, then follow its original source and professional authority. Use the Management Report PDF for the executive print route; this workbook is the deeper working evidence tool.
A22: Begin with 02 START HERE →

Sheet 02 START HERE
A1: HOW TO USE THIS WORKBOOK
A2: Owner WBS is the owner’s common list of project work. Compare schedule, cost and work packages; follow one finding to original evidence.
A3: Executive | B3: Issues | C3: Integration | D3: Project | E3: Changes | F3: Crosswalk | G3: Evidence | H3: Sources
A5: Start with your task | B5: Purpose and next step | D5: ONE FINDING → ITS AUTHORITY
A6: Executive | Position | B6: Read the approved position; four governed charts and their source tables. | D6: 1 Read the approved position
A7: Controls | Issues | B7: Choose one issue and its exact professional Action. Issues are not ranked.
A8: Controls | WBS scope | B8: Primary WBS view: governed relationship coverage/status. Then open Crosswalk. | D8: 2 Choose the exact professional Action
A9: Analyst | Crosswalk | B9: Filter WBS code / Source Record ID; follow the stable Relationship ID.
A10: Analyst | Evidence | B10: Match Relationship ID: source assertion, interpretation, contrary evidence, human decision. | D10: 3 Match the original source record
A11: Controls | Cycle change | B11: Inspect the approved-cycle movement and what returned for review.
A12: Assurance | Sources | B12: Identify source, approved revision and original representation. | D12: 4 Inspect evidence and separate approval
A13: Assurance | Withholding | B13: Check withholding, approved basis and definitions.
D15: Coverage is not project health. Cost / forecast totals remain withheld.
A17: One evidence path
A18: Approved position → named finding → Owner WBS → Crosswalk → original source / interpretation → professional decision → separate approval. Compare the next cycle only after reading the approved baseline.
A22: Supporting diagnostics and scope detail
A23: 13 REVISIONS & PERIODS | B23: See which reporting revision each source is on, what superseded what, and why only part of the relationship state reopened.
A24: 14 WBS HIERARCHY | B24: Approved scope tree and direct/branch relationship ROW counts. Split targets may create multiple rows; retired rows are included unless filtered. Not interchangeable with 09 WBS EXPLORER.
A25: 15 ANALYSIS | B25: Cross-tabulate governed dimensions from MASTER DATA (formulas, self-checking).
A28: EXECUTIVE | B28: Start at 03 EXECUTIVE VIEW. Read the position, exact Actions and withholding; inspect the four figures when a question needs diagnosis.
A29: PROJECT CONTROLS | B29: Start at 04 ISSUES FOR REVIEW. Choose a finding, open its WBS scope in 09, then follow the actual source record and stable Relationship ID.
A30: EVIDENCE | B30: Start at 10 EVIDENCE & DECISIONS. Match the stable Relationship ID to source assertion, interpretation, contrary evidence and the recorded professional decision. Check approval-time sources in 11.
A31: ASSURANCE / SOURCES | B31: Use 12 ASSURANCE for withholding and counting definitions; 13 REVISIONS & PERIODS records lineage. Approval is separate from a record-level decision.
A32: STUDENT · HARBOURLINK | B32: Start at WBS 1.5 Testing and Commissioning. Compare schedule and cost coverage; follow the issue to Crosswalk and Evidence. Inspect the recorded decision, then Cycle 2 Changes. This is a synthetic example, not an answer key.
A34: Tab groups | B34: Cognac: orientation. Navy: executive decisions. Navy veil: diagnostics. Grey: source and assurance evidence. Steel: advanced and compatibility views. Colours support the sheet names; they do not indicate risk or project health.
A35: Why the counts differ | B35: 09 WBS EXPLORER counts distinct relationship coverage/status. 14 WBS HIERARCHY counts relationship ROWS per target, including split targets and retired rows unless filtered. Current movement, issue groups and unplaced outcomes have different populations.
A37: Advanced evidence and supporting views
A38: 05 INTEGRATION HEALTH | B38: Cross-view relationship availability and gated analytical populations.
A39: 06 INTEGRATED PROJECT | B39: Supporting cross-view projections by WBS; use 09 for first scope navigation.
A40: MASTER DATA | B40: Compatibility/formula source table; one row per relationship target.
A41: OWNER WBS | B41: Approved source scope tree; original names, ancestry and evidence retained.
A42: RELATIONSHIP EXPLORER | B42: Advanced formula-based target-row explorer; 09 is the primary scope view.
A43: UNRESOLVED | B43: Supporting outcome records; uncertainty is not assessed outside scope.
A44: HISTORY | B44: Compatibility approved-version history; 13 provides revision lineage.
A45: SUMMARY | B45: Compatibility calculations; 03 is the canonical executive decision surface.
A50: All-sheet purpose index | B50: Role and counting population
A51: 01 PROJECT | B51: Publication identity, approved version and source-set orientation; then open the index.
A52: 02 START HERE | B52: Primary task index and discoverable supporting/advanced destinations.
A53: 03 EXECUTIVE VIEW | B53: Canonical executive decision surface and four retained native charts.
... A71: SUMMARY | B71: Compatibility calculations; 03 is the canonical executive decision surface.

Sheet 03 EXECUTIVE VIEW
A1: EXECUTIVE VIEW
A2: HarbourLink Urban Transit Expansion · approved integrated project view | G2: Owner WBS: the owner’s common list of project work. Gaps need checking; coverage does not prove performance.
A3: Executive | C3: Issues | E3: Integration | G3: Project
A4: Changes | C4: Crosswalk | E4: Evidence | G4: Sources
A5: WHERE THE PROJECT STANDS | E5: ISSUES AND WITHHOLDING
A6: 4 / 6 Owner-WBS branches schedule AND cost present | E6: 1. 1.5 Testing and Commissioning: Schedule without cost coverage. 2. 1.6 Program Management: Cost without schedule coverage. 3. 264 items still need more information before they can be placed in the Owner WBS
A8: 1.1 Guideway and Civil Schedule: Present · Cost: Present 1.2 Stations Schedule: Present · Cost: Present 1.3 Systems Schedule: Present · Cost: Present 1.4 Vehicles and Depot Schedule: Present · Cost: Present 1.5 Testing and Commissioning Schedule: Present · Cost: ABSENT 1.6 Program Management Schedule: ABSENT · Cost: Present
E9: Cost / forecast total: Withheld. Aggregation eligibility is not established. See 12 ASSURANCE.
A10: Next step: Confirm whether the missing governed relationship is expected or requires project-controls attention. (3 issues on sheet 04.)
A11: Issues for review | C11: Current relationships not carried forward | E11: Reopened this cycle | G11: Source integrity
A12: 3 | C12: 9 | E12: 5 | G12: Established
A13: Listed on sheet 04 | C13: Includes re-keyed/revalidated; excludes retired | E13: Event count; issues needing attention now are on sheet 04 | G13: Upstream truth gate
A15: Review the issues → | C15: Open Integration Health → | E15: Open Changes → | G15: Prove it in Crosswalk →
A18: What this workbook cannot establish
A19: • Amount/date/duration management measures are withheld unless their field semantics are explicitly governed for that use.
A21: 1 · Schedule and cost relationships by WBS branch | E21: 2 · Relationship outcomes by source
A23: 4 of 6 WBS branches carry both schedule and cost relationships; 2 branches are covered by only one of them. | E23: 1,357 of 1,622 current relationships relate a source record to a WBS element, across 3 source documents. 265 are recorded outside the WBS or left unresolved.
A26: Out of 6 reported WBS branches. Coverage is observed through the WBS; it is not a direct schedule-to-cost link. Detail: 05 INTEGRATION HEALTH. | E26: Out of 1,622 current relationships (retired relationships excluded); one relationship counted once even when split across several WBS elements. Detail: 08 CROSSWALK.
A51: 3 · Changes since the previous approved version | E51: 4 · Outcomes left unresolved or outside the WBS
A53: 1,613 of 1,625 relationships carried forward unchanged; 12 were re-keyed, changed, new or retired. | E53: 265 of 1,622 current relationships are left unresolved or recorded outside the approved WBS. Rely only on conclusions that do not depend on them; sheet 04 groups them into the issues for review.
A56: Out of 1,625 relationships, including retired ones, by change label. Detail: 07 CHANGES & REVALIDATION. | E56: Out of 1,622 current relationships (retired excluded). These are recorded, governed outcomes, not errors. Detail: sheet 04 (issues for review) and 08 CROSSWALK.
A83: FOUR VIEWS OF THE APPROVED PROJECT
A84: Each chart draws on the approved relationship records. It states what it counts, the population covered and the source table beneath it.
A86: 1 · Schedule and cost relationships by WBS branch
A87: 4 of 6 WBS branches carry both schedule and cost relationships; 2 branches are covered by only one of them.
A88: Out of 6 reported WBS branches. Coverage is observed through the WBS; it is not a direct schedule-to-cost link. Detail: 05 INTEGRATION HEALTH.
A104: WBS branches | C104: Count
A105: Schedule and cost | C105: 4
A106: Schedule only | C106: 1
A107: Cost only | C107: 1
A108: Neither schedule nor cost | C108: 0
A109: Total WBS branches | C109: 6
A111: 2 · Relationship outcomes by source
A112: 1,357 of 1,622 current relationships relate a source record to a WBS element, across 3 source documents. 265 are recorded outside the WBS or left unresolved.
A113: Out of 1,622 current relationships (retired relationships excluded); one relationship counted once even when split across several WBS elements. Detail: 08 CROSSWALK.
A129: Source document | C129: Related to a WBS element | E129: Recorded outside the WBS | G129: Left unresolved | I129: Total
A130: Commercial Package Register | C130: 59 | E130: 0 | G130: 1 | I130: 60
A131: Contractor Programme | C131: 899 | E131: 1 | G131: 182 | I131: 1082
A132: Cost & Forecast Control Accounts | C132: 399 | E132: 0 | G132: 81 | I132: 480
A133: All sources | C133: 1357 | E133: 1 | G133: 264 | I133: 1622
A135: 3 · Changes since the previous approved version
A136: 1,613 of 1,625 relationships carried forward unchanged; 12 were re-keyed, changed, new or retired.
A137: Out of 1,625 relationships, including retired ones, by change label. Detail: 07 CHANGES & REVALIDATION.
A153: Change since previous version | C153: Count
A154: Carried forward | C154: 1613
A155: Re-keyed, revalidated | C155: 1
A156: Changed, re-decided | C156: 4
A157: New | C157: 4
A158: Retired | C158: 3
A159: Total relationships | C159: 1625
A161: 4 · Outcomes left unresolved or outside the WBS
A162: 265 of 1,622 current relationships are left unresolved or recorded outside the approved WBS. Rely only on conclusions that do not depend on them; sheet 04 groups them into the issues for review.
A163: Out of 1,622 current relationships (retired excluded). These are recorded, governed outcomes, not errors. Detail: sheet 04 (issues for review) and 08 CROSSWALK.
A179: Outcome | C179: Count
A180: Left unresolved on purpose (UNSURE) | C180: 264
A181: Scope not in the approved WBS (NEW_SCOPE) | C181: 0
A182: No WBS element applies (NO_WBS) | C182: 1
A183: Unresolved or outside the WBS | C183: 265
A187: E01 · Owner-WBS branch | B187: Schedule relationships | C187: Cost relationships | D187: Coverage state
A188: 1.1 Guideway and Civil | B188: 181 | C188: 81 | D188: Both views present
A189: 1.2 Stations | B189: 180 | C189: 80 | D189: Both views present
A190: 1.3 Systems | B190: 179 | C190: 79 | D190: Both views present
A191: 1.4 Vehicles and Depot | B191: 179 | C191: 80 | D191: Both views present
A192: 1.5 Testing and Commissioning | B192: 180 | C192: 0 | D192: Cost coverage gap
A193: 1.6 Program Management | B193: 0 | C193: 79 | D193: Schedule coverage gap
A195: Coverage through the Owner WBS; not project health or direct schedule-to-cost equivalence. 2 have only one of these views.
A198: E03D · Separate detail scale: 0 to 4 relationships; Carried forward excluded.
A199: Change class | B199: Exact count | C199: Detail bar (separate scale)
A200: Re-keyed, revalidated | B200: 1 | C200: 1
A201: Changed, re-decided | B201: 4 | C201: 4
A202: New | B202: 4 | C202: 4
A203: Retired | B203: 3 | C203: 3
A205: E03 whole-population native chart remains above. This separately labelled detail view does not enlarge classes on that chart.
K208: APPROVED PROJECT POSITION
K209: Owner WBS: the owner’s common list of project work
K210: 4 / 6 branches Both views present | N210: Coverage is not project health. Read the named gaps and exact Actions.
K212: OWNER-WBS BRANCH | M212: SCHEDULE | O212: COST
K213: 1.1 Guideway and Civil | M213: PRESENT | O213: PRESENT
K214: 1.2 Stations | M214: PRESENT | O214: PRESENT
K215: 1.3 Systems | M215: PRESENT | O215: PRESENT
K216: 1.4 Vehicles and Depot | M216: PRESENT | O216: PRESENT
K217: 1.5 Testing and Commissioning | M217: PRESENT | O217: ABSENT
K218: 1.6 Program Management | M218: ABSENT | O218: PRESENT
K219: Ask your controls team: is the absent view expected in the supplied sources, or does its governed relationship require attention?
K221: WITHHELD · Cost / forecast totals. Coverage cannot establish financial materiality or performance.
K223: Exact Actions → | N223: Crosswalk / source evidence →
K224: 6 reported branches; first 6 shown. Present = at least one governed relationship. Full counts: Integration Health.
K225: Inspect the four native charts →
K227: CHOOSE THE QUESTION YOU NEED TO ANSWER
K228: Figure 01 · Which work areas lack a connection?
K229: Coverage locates an absent source view; it does not measure project progress.
K231: Open native chart → | N231: Next: INTEGRATION HEALTH →
K232: Figure 02 · Where should controls review relationships?
K233: Compare current relationships by source. The unresolved count is not a risk ranking.
K235: Open native chart → | N235: Next: CROSSWALK →
K236: Figure 03 · What changed since the approved baseline?
K237: Separate carried / revalidated from changed, new and retired. The first cycle has no prior baseline.
K239: Open native chart → | N239: Next: CHANGES & REVALIDATION →
K240: Figure 04 · Does unresolved mean missing work?
K241: No. UNSURE, NEW_SCOPE and NO_WBS are distinct recorded outcomes, not financial-loss estimates.
...

Sheet 04 ISSUES FOR REVIEW
A1: ISSUES FOR REVIEW
A2: The issues the governed evidence supports raising with the project team now. Grouped by type and WBS code; not ranked by importance.
A3: Executive | B3: Issues | C3: Integration | D3: Project | E3: Changes | F3: Crosswalk | G3: Evidence | H3: Sources
A5: Matter | B5: Why it matters | C5: Affected WBS scope | D5: Affected source view(s) | E5: State | F5: Recommended professional action | G5: Evidence path | H5: Authority
A6: Schedule scope has no governed cost relationships | B6: The supplied schedule and cost views do not both project through this approved WBS branch. | C6: 1.5 Testing and Commissioning | D6: Schedule + Cost | E6: Derived observation from governed relationships | F6: Confirm whether the missing governed relationship is expected or requires project-controls attention. | G6: 05 INTEGRATION HEALTH / 08 CROSSWALK: WBS 1.5 | H6: Derived observation; no direct schedule↔cost relationship asserted
A7: Cost scope has no governed schedule relationships | B7: The supplied schedule and cost views do not both project through this approved WBS branch. | C7: 1.6 Program Management | D7: Schedule + Cost | E7: Derived observation from governed relationships | F7: Confirm whether the missing governed relationship is expected or requires project-controls attention. | G7: 05 INTEGRATION HEALTH / 08 CROSSWALK: WBS 1.6 | H7: Derived observation; no direct schedule↔cost relationship asserted
A8: 264 relationship outcome(s) remain deliberately unresolved | B8: The approved state preserves uncertainty rather than forcing a WBS relationship. | C8: See Crosswalk | D8: See Crosswalk | E8: Professionally/governed unresolved outcome | F8: Use only conclusions that do not depend on these unresolved relationships. | G8: 08 CROSSWALK / 10 EVIDENCE & DECISIONS | H8: Governed uncertainty
A10: Ordering note: matters are grouped deterministically by governed matter class and WBS code. No claim of objective project materiality or #1 priority is made.

Sheet 05 INTEGRATION HEALTH
A1: INTEGRATION HEALTH
A2: WBS branch view of governed project-control relationships. No single aggregate health percentage is asserted.
A3: Executive | B3: Issues | C3: Integration | D3: Project | E3: Changes | F3: Crosswalk | G3: Evidence | H3: Sources | K3: V2 · WHERE PROFESSIONAL ATTENTION IS CONCENTRATED
K4: Where are governed reopened, unresolved or contradictory relationship populations concentrated?
A5: WBS | B5: Scope | C5: Schedule | D5: Cost / forecast | E5: Package / contract | F5: Integration condition | G5: Attention / unresolved | H5: Changed | I5: Evidence path | K5: WBS | L5: Reopened | M5: Unresolved | N5: Contradictory | O5: Attention records
A6: 1.1 | B6: Guideway and Civil | C6: 181 governed relationships | D6: 81 governed relationships | E6: 9 governed relationships | F6: Aligned: Schedule and cost both relate through this WBS branch. 9 package/contract relationships also project through this branch. | G6: 0 | H6: 5 | I6: 06 INTEGRATED PROJECT / 08 CROSSWALK: WBS 1.1 | K6: 1.2 | L6: 2 | M6: 0 | N6: 1 | O6: 3
A7: 1.2 | B7: Stations | C7: 180 governed relationships | D7: 80 governed relationships | E7: 12 governed relationships | F7: Aligned: Schedule and cost both relate through this WBS branch. 12 package/contract relationships also project through this branch. | G7: 0 | H7: 2 | I7: 06 INTEGRATED PROJECT / 08 CROSSWALK: WBS 1.2 | K7: 1.1 | L7: 2 | M7: 0 | N7: 1 | O7: 3
A8: 1.3 | B8: Systems | C8: 179 governed relationships | D8: 79 governed relationships | E8: 10 governed relationships | F8: Aligned: Schedule and cost both relate through this WBS branch. 10 package/contract relationships also project through this branch. | G8: 0 | H8: 0 | I8: 06 INTEGRATED PROJECT / 08 CROSSWALK: WBS 1.3 | K8: 1.4 | L8: 0 | M8: 0 | N8: 0 | O8: 0
A9: 1.4 | B9: Vehicles and Depot | C9: 179 governed relationships | D9: 80 governed relationships | E9: 10 governed relationships | F9: Aligned: Schedule and cost both relate through this WBS branch. 10 package/contract relationships also project through this branch. | G9: 0 | H9: 0 | I9: 06 INTEGRATED PROJECT / 08 CROSSWALK: WBS 1.4 | K9: 1.3 | L9: 0 | M9: 0 | N9: 0 | O9: 0
A10: 1.5 | B10: Testing and Commissioning | C10: 180 governed relationships | D10: 0 governed relationships | E10: 10 governed relationships | F10: Attention: Schedule scope has no governed cost relationships in this WBS branch. 10 package/contract relationships also project through this branch. | G10: 0 | H10: 0 | I10: 06 INTEGRATED PROJECT / 08 CROSSWALK: WBS 1.5 | K10: 1.5 | L10: 0 | M10: 0 | N10: 0 | O10: 0
A11: 1.6 | B11: Program Management | C11: 0 governed relationships | D11: 79 governed relationships | E11: 9 governed relationships | F11: Attention: Cost scope has no governed schedule relationships in this WBS branch. 9 package/contract relationships also project through this branch. | G11: 0 | H11: 0 | I11: 06 INTEGRATED PROJECT / 08 CROSSWALK: WBS 1.6 | K11: 1.6 | L11: 0 | M11: 0 | N11: 0 | O11: 0
K12: Counts locate governed professional-attention populations only; they are not financial or schedule materiality rankings.
B13: V1 · WBS × CONTROL-VIEW INTEGRATION MATRIX
B14: Which supplied project-control views have governed relationships through each major Owner-WBS branch?
B16: WBS | C16: Scope | D16: Schedule | E16: Cost / forecast | F16: Package / contract | G16: Responsibility | H16: Proof path
B17: 1.2 | C17: Stations | D17: 180 governed relationships | E17: 80 governed relationships | F17: 12 governed relationships | G17: Not supplied | H17: 06 INTEGRATED PROJECT / 08 CROSSWALK: WBS 1.2
B18: 1.1 | C18: Guideway and Civil | D18: 181 governed relationships | E18: 81 governed relationships | F18: 9 governed relationships | G18: Not supplied | H18: 06 INTEGRATED PROJECT / 08 CROSSWALK: WBS 1.1
B19: 1.4 | C19: Vehicles and Depot | D19: 179 governed relationships | E19: 80 governed relationships | F19: 10 governed relationships | G19: Not supplied | H19: 06 INTEGRATED PROJECT / 08 CROSSWALK: WBS 1.4
B20: 1.3 | C20: Systems | D20: 179 governed relationships | E20: 79 governed relationships | F20: 10 governed relationships | G20: Not supplied | H20: 06 INTEGRATED PROJECT / 08 CROSSWALK: WBS 1.3
B21: 1.5 | C21: Testing and Commissioning | D21: 180 governed relationships | E21: Assessed · no governed coverage | F21: 10 governed relationships | G21: Not supplied | H21: 06 INTEGRATED PROJECT / 08 CROSSWALK: WBS 1.5
B22: 1.6 | C22: Program Management | D22: Assessed · no governed coverage | E22: 79 governed relationships | F22: 9 governed relationships | G22: Not supplied | H22: 06 INTEGRATED PROJECT / 08 CROSSWALK: WBS 1.6
B23: Unresolved is distinct from assessed zero coverage and source-not-supplied.
A25: V4 · COST / FORECAST VISUAL WITHHELD
A26: Withheld: current generic field-name recognition is not a governed quantitative contract. Measure meaning, currency/unit, period, grain, WBS basis, allocation and unresolved treatment must all be established.

Sheet 06 INTEGRATED PROJECT
A1: INTEGRATED PROJECT
A2: Working projection of independently authored project views through the approved WBS integration spine.
A3: Executive | B3: Issues | C3: Integration | D3: Project | E3: Changes | F3: Crosswalk | G3: Evidence | H3: Sources
A5: WBS | B5: Scope | C5: Schedule relationships | D5: Cost relationships | E5: Package / contract relationships | F5: Other relationships | G5: Open / unresolved | H5: Changed | I5: Current integration observation | J5: Drill to proof
B6: HarbourLink Urban Transit Expansion | C6: 899 governed relationships | D6: 399 governed relationships | E6: 59 governed relationships | F6: 0 governed relationships | G6: 0 | H6: 7 | I6: Schedule and cost both relate through this WBS branch. 59 package/contract relationships also project through this branch. | J6: 08 CROSSWALK: WBS
A7: 1 | B7: HarbourLink Urban Transit Expansion | C7: 899 governed relationships | D7: 399 governed relationships | E7: 59 governed relationships | F7: 0 governed relationships | G7: 0 | H7: 7 | I7: Schedule and cost both relate through this WBS branch. 59 package/contract relationships also project through this branch. | J7: 08 CROSSWALK: WBS 1
A8: 1.1 | B8: Guideway and Civil | C8: 181 governed relationships | D8: 81 governed relationships | E8: 9 governed relationships | F8: 0 governed relationships | G8: 0 | H8: 5 | I8: Schedule and cost both relate through this WBS branch. 9 package/contract relationships also project through this branch. | J8: 08 CROSSWALK: WBS 1.1
A9: 1.1.1 | B9: Guideway and Civil - Guideway Structures | C9: 120 governed relationships | D9: 40 governed relationships | E9: 0 governed relationships | F9: 0 governed relationships | G9: 0 | H9: 3 | I9: Schedule and cost both relate through this WBS branch. | J9: 08 CROSSWALK: WBS 1.1.1
A10: 1.1.1.1 | B10: Guideway Structures - East Segment | C10: 0 governed relationships | D10: 0 governed relationships | E10: 0 governed relationships | F10: 0 governed relationships | G10: 0 | H10: 0 | I10: No governed schedule or cost relationships in this WBS branch. | J10: 08 CROSSWALK: WBS 1.1.1.1
A11: 1.1.1.2 | B11: Guideway Structures - West Segment | C11: 0 governed relationships | D11: 0 governed relationships | E11: 0 governed relationships | F11: 0 governed relationships | G11: 0 | H11: 0 | I11: No governed schedule or cost relationships in this WBS branch. | J11: 08 CROSSWALK: WBS 1.1.1.2
A12: 1.1.2 | B12: Guideway and Civil - Utility & Roadworks | C12: 61 governed relationships | D12: 41 governed relationships | E12: 0 governed relationships | F12: 0 governed relationships | G12: 0 | H12: 2 | I12: Schedule and cost both relate through this WBS branch. | J12: 08 CROSSWALK: WBS 1.1.2
A13: 1.1.2.1 | B13: Utility & Roadworks - East Segment | C13: 0 governed relationships | D13: 0 governed relationships | E13: 0 governed relationships | F13: 0 governed relationships | G13: 0 | H13: 0 | I13: No governed schedule or cost relationships in this WBS branch. | J13: 08 CROSSWALK: WBS 1.1.2.1
A14: 1.1.2.2 | B14: Utility & Roadworks - West Segment | C14: 0 governed relationships | D14: 0 governed relationships | E14: 0 governed relationships | F14: 0 governed relationships | G14: 0 | H14: 0 | I14: No governed schedule or cost relationships in this WBS branch. | J14: 08 CROSSWALK: WBS 1.1.2.2
A15: 1.1.3 | B15: Guideway and Civil - Track Support Works | C15: 0 governed relationships | D15: 0 governed relationships | E15: 0 governed relationships | F15: 0 governed relationships | G15: 0 | H15: 0 | I15: No governed schedule or cost relationships in this WBS branch. | J15: 08 CROSSWALK: WBS 1.1.3
A16: 1.1.3.1 | B16: Track Support Works - East Segment | C16: 0 governed relationships | D16: 0 governed relationships | E16: 0 governed relationships | F16: 0 governed relationships | G16: 0 | H16: 0 | I16: No governed schedule or cost relationships in this WBS branch. | J16: 08 CROSSWALK: WBS 1.1.3.1
A17: 1.1.3.2 | B17: Track Support Works - West Segment | C17: 0 governed relationships | D17: 0 governed relationships | E17: 0 governed relationships | F17: 0 governed relationships | G17: 0 | H17: 0 | I17: No governed schedule or cost relationships in this WBS branch. | J17: 08 CROSSWALK: WBS 1.1.3.2
A18: 1.1.4 | B18: Guideway and Civil - Civil Interfaces | C18: 0 governed relationships | D18: 0 governed relationships | E18: 0 governed relationships | F18: 0 governed relationships | G18: 0 | H18: 0 | I18: No governed schedule or cost relationships in this WBS branch. | J18: 08 CROSSWALK: WBS 1.1.4
... A85: 1.6.4.2 | B85: Delivery Integration - Delivery Partners | C85: 0 governed relationships | D85: 0 governed relationships | E85: 0 governed relationships | F85: 0 governed relationships | G85: 0 | H85: 0 | I85: No governed schedule or cost relationships in this WBS branch. | J85: 08 CROSSWALK: WBS 1.6.4.2

Sheet 07 CHANGES & REVALIDATION
A1: CHANGES & REVALIDATION
A2: What changed that matters, what remained valid, and where revalidation occurred.
A3: Executive | B3: Issues | C3: Integration | D3: Project | E3: Changes | F3: Crosswalk | G3: Evidence | H3: Sources
A5: Current approved state versus prior approved state | D5: V3 · CYCLE CONTINUITY
A6: Carried forward | B6: 1613 | D6: How much relationship state carried forward versus required revalidation/redecision/new/retired treatment?
A7: Re-keyed, revalidated | B7: 1
A8: Changed, re-decided | B8: 4
A9: New | B9: 4 | D9: Read the counts at left as governed relationship-state composition. Carried forward / revalidated means prior work did not need to be rebuilt; reopened/new/retired remain inspectable below.
A10: Retired | B10: 3
A12: Relationship | B12: Source | C12: Record | D12: WBS | E12: Change state | F12: Reopen / revalidation reason | G12: Decision provenance | H12: Evidence path
A13: R1085-v2 | B13: Cost & Forecast Control Accounts | C13: CST-01-003R | D13: 1.1.1 Guideway and Civil - Guideway Structures | E13: Re-keyed, revalidated | G13: Source assignment -- not individually reviewed | H13: 10 EVIDENCE & DECISIONS
A14: R1623-v1 | B14: Contractor Programme | C14: SCH-90-903 | D14: 1.1.1 Guideway and Civil - Guideway Structures | E14: New | G14: Source assignment -- not individually reviewed | H14: 10 EVIDENCE & DECISIONS
A15: R1624-v1 | B15: Cost & Forecast Control Accounts | C15: CST-90-903 | D15: 1.1.1 Guideway and Civil - Guideway Structures | E15: New | G15: Source assignment -- not individually reviewed | H15: 10 EVIDENCE & DECISIONS
A16: R1087-v3 | B16: Cost & Forecast Control Accounts | C16: CST-01-005 | D16: 1.1.2 Guideway and Civil - Utility & Roadworks | E16: Changed, re-decided | F16: 'WBS Code' changed from 1.1.1 to 1.1.2; 'WBS Code' changed from 1.1.1 to 1.1.2; 'WBS Code' changed from 1.1.1 to 1.1.2 | G16: Maya Chen, Owner Project Controls | H16: 10 EVIDENCE & DECISIONS
A17: R5-v3 | B17: Contractor Programme | C17: SCH-01-005 | D17: 1.1.2 Guideway and Civil - Utility & Roadworks | E17: Changed, re-decided | F17: 'WBS Code' changed from 1.1.1 to 1.1.2; 'WBS Code' changed from 1.1.1 to 1.1.2; 'WBS Code' changed from 1.1.1 to 1.1.2 | G17: Maya Chen, Owner Project Controls | H17: 10 EVIDENCE & DECISIONS
A18: R1567-v3 | B18: Commercial Package Register | C18: PKG-005 | D18: 1.2 Stations | E18: Changed, re-decided | F18: 'WBS Code' changed from 1.1 to 1.2; 'WBS Code' changed from 1.1 to 1.2; 'WBS Code' changed from 1.1 to 1.2 | G18: Maya Chen, Owner Project Controls | H18: 10 EVIDENCE & DECISIONS
A19: R183-v4 | B19: Contractor Programme | C19: SCH-02-003 | D19: 1.2.2 Stations - Architectural Fit-Out | E19: New | F19: 'WBS Code' changed from (blank) to 1.2.2; 'WBS Code' changed from (blank) to 1.2.2; 'WBS Code' changed from (blank) to 1.2.2 | G19: Maya Chen, Owner Project Controls | H19: 10 EVIDENCE & DECISIONS
A20: R1621-v2 | B20: Commercial Package Register | C20: PKG-059 | D20: 1.6 Program Management | E20: Retired | G20: Retired -- no longer reported | H20: 10 EVIDENCE & DECISIONS
A21: R1561-v2 | B21: Cost & Forecast Control Accounts | C21: CST-06-079 | D21: 1.6.1 Program Management - Program Controls | E21: Retired | G21: Retired -- no longer reported | H21: 10 EVIDENCE & DECISIONS
A22: R1081-v3 | B22: Contractor Programme | C22: SCH-90-901 | D22: NEW_SCOPE | E22: Retired | G22: Retired -- no longer reported | H22: 10 EVIDENCE & DECISIONS
A23: R1625-v2 | B23: Commercial Package Register | C23: PKG-903 | D23: UNSURE | E23: New | G23: Maya Chen, Owner Project Controls | H23: 10 EVIDENCE & DECISIONS
A24: R367-v3 | B24: Contractor Programme | C24: SCH-03-007 | D24: UNSURE | E24: Changed, re-decided | F24: 'WBS Code' changed from 1.3.1 to (blank); 'WBS Code' changed from 1.3.1 to (blank); 'WBS Code' changed from 1.3.1 to (blank) | G24: Maya Chen, Owner Project Controls | H24: 10 EVIDENCE & DECISIONS
A25: R1563-v3 | B25: Commercial Package Register | C25: PKG-001 | D25: 1.1 Guideway and Civil | E25: Carried forward | G25: Maya Chen, Owner Project Controls | H25: 10 EVIDENCE & DECISIONS
A26: R1564-v2 | B26: Commercial Package Register | C26: PKG-002 | D26: 1.1 Guideway and Civil | E26: Carried forward | G26: Source assignment -- not individually reviewed | H26: 10 EVIDENCE & DECISIONS
A27: R1565-v2 | B27: Commercial Package Register | C27: PKG-003 | D27: 1.1 Guideway and Civil | E27: Carried forward | G27: Source assignment -- not individually reviewed | H27: 10 EVIDENCE & DECISIONS
A28: R1566-v2 | B28: Commercial Package Register | C28: PKG-004 | D28: 1.1 Guideway and Civil | E28: Carried forward | G28: Source assignment -- not individually reviewed | H28: 10 EVIDENCE & DECISIONS
A29: R1568-v2 | B29: Commercial Package Register | C29: PKG-006 | D29: 1.1 Guideway and Civil | E29: Carried forward | G29: Source assignment -- not individually reviewed | H29: 10 EVIDENCE & DECISIONS
A30: R1569-v2 | B30: Commercial Package Register | C30: PKG-007 | D30: 1.1 Guideway and Civil | E30: Carried forward | G30: Source assignment -- not individually reviewed | H30: 10 EVIDENCE & DECISIONS
A31: R1570-v2 | B31: Commercial Package Register | C31: PKG-008 | D31: 1.1 Guideway and Civil | E31: Carried forward | G31: Source assignment -- not individually reviewed | H31: 10 EVIDENCE & DECISIONS
A32: R1571-v2 | B32: Commercial Package Register | C32: PKG-009 | D32: 1.1 Guideway and Civil | E32: Carried forward | G32: Source assignment -- not individually reviewed | H32: 10 EVIDENCE & DECISIONS
A33: R1572-v2 | B33: Commercial Package Register | C33: PKG-010 | D33: 1.1 Guideway and Civil | E33: Carried forward | G33: Source assignment -- not individually reviewed | H33: 10 EVIDENCE & DECISIONS
A34: R1-v2 | B34: Contractor Programme | C34: SCH-01-001 | D34: 1.1.1 Guideway and Civil - Guideway Structures | E34: Carried forward | G34: Source assignment -- not individually reviewed | H34: 10 EVIDENCE & DECISIONS
A35: R10-v2 | B35: Contractor Programme | C35: SCH-01-010 | D35: 1.1.1 Guideway and Civil - Guideway Structures | E35: Carried forward | G35: Source assignment -- not individually reviewed | H35: 10 EVIDENCE & DECISIONS
A36: R100-v2 | B36: Contractor Programme | C36: SCH-01-100 | D36: 1.1.1 Guideway and Civil - Guideway Structures | E36: Carried forward | G36: Source assignment -- not individually reviewed | H36: 10 EVIDENCE & DECISIONS
... A1637: R999-v3 | B1637: Contractor Programme | C1637: SCH-06-099 | D1637: UNSURE | E1637: Carried forward | G1637: Maya Chen, Owner Project Controls | H1637: 10 EVIDENCE & DECISIONS

Sheet 08 CROSSWALK
A1: CROSSWALK
A2: Inspectable relationship truth: source record → governed relationship → WBS target.
A3: Executive | B3: Issues | C3: Integration | D3: Project | E3: Changes | F3: Crosswalk | G3: Evidence | H3: Sources
A5: Source | B5: Record | C5: Description | D5: Source assertion | E5: Relationship | F5: Target WBS | G5: Relationship type | H5: Lifecycle state | I5: Change | J5: Basis / origin | K5: Decided by | L5: Target status | M5: Contrary evidence | N5: Evidence & decisions
A6: Commercial Package Register | B6: PKG-001 | C6: Guideway Civil Works | D6: Package Code = PK-101; WBS Code = 1.1;1.2 | E6: R1563-v3 | F6: 1.1 Guideway and Civil | G6: ONE_TO_MANY | H6: RETAINED | I6: Carried forward | J6: Earlier professional decision, carried forward | K6: Maya Chen, Owner Project Controls | M6: Source states 'WBS Code' = '1.1;1.2' -- names no element of this WBS -- professional reason (Maya Chen, Owner Project Controls): Source package register explicitly states both Owner-WBS branches. | N6: 10 EVIDENCE & DECISIONS
A7: Commercial Package Register | B7: PKG-002 | C7: Utility Relocations | D7: Package Code = PK-102; WBS Code = 1.1 | E7: R1564-v2 | F7: 1.1 Guideway and Civil | G7: ONE_TO_ONE | H7: RETAINED | I7: Carried forward | J7: Source assignment -- not individually reviewed | N7: 10 EVIDENCE & DECISIONS
A8: Commercial Package Register | B8: PKG-003 | C8: Road & Drainage | D8: Package Code = PK-103; WBS Code = 1.1 | E8: R1565-v2 | F8: 1.1 Guideway and Civil | G8: ONE_TO_ONE | H8: RETAINED | I8: Carried forward | J8: Source assignment -- not individually reviewed | N8: 10 EVIDENCE & DECISIONS
A9: Commercial Package Register | B9: PKG-004 | C9: Track Support Works | D9: Package Code = PK-104; WBS Code = 1.1 | E9: R1566-v2 | F9: 1.1 Guideway and Civil | G9: ONE_TO_ONE | H9: RETAINED | I9: Carried forward | J9: Source assignment -- not individually reviewed | N9: 10 EVIDENCE & DECISIONS
A10: Commercial Package Register | B10: PKG-006 | C10: Utility Relocations - Lot 2 | D10: Package Code = PK-106; WBS Code = 1.1 | E10: R1568-v2 | F10: 1.1 Guideway and Civil | G10: ONE_TO_ONE | H10: RETAINED | I10: Carried forward | J10: Source assignment -- not individually reviewed | N10: 10 EVIDENCE & DECISIONS
A11: Commercial Package Register | B11: PKG-007 | C11: Road & Drainage - Lot 2 | D11: Package Code = PK-107; WBS Code = 1.1 | E11: R1569-v2 | F11: 1.1 Guideway and Civil | G11: ONE_TO_ONE | H11: RETAINED | I11: Carried forward | J11: Source assignment -- not individually reviewed | N11: 10 EVIDENCE & DECISIONS
A12: Commercial Package Register | B12: PKG-008 | C12: Track Support Works - Lot 2 | D12: Package Code = PK-108; WBS Code = 1.1 | E12: R1570-v2 | F12: 1.1 Guideway and Civil | G12: ONE_TO_ONE | H12: RETAINED | I12: Carried forward | J12: Source assignment -- not individually reviewed | N12: 10 EVIDENCE & DECISIONS
A13: Commercial Package Register | B13: PKG-009 | C13: Guideway Civil Works - Lot 3 | D13: Package Code = PK-109; WBS Code = 1.1 | E13: R1571-v2 | F13: 1.1 Guideway and Civil | G13: ONE_TO_ONE | H13: RETAINED | I13: Carried forward | J13: Source assignment -- not individually reviewed | N13: 10 EVIDENCE & DECISIONS
A14: Commercial Package Register | B14: PKG-010 | C14: Utility Relocations - Lot 3 | D14: Package Code = PK-110; WBS Code = 1.1 | E14: R1572-v2 | F14: 1.1 Guideway and Civil | G14: ONE_TO_ONE | H14: RETAINED | I14: Carried forward | J14: Source assignment -- not individually reviewed | N14: 10 EVIDENCE & DECISIONS
A15: Contractor Programme | B15: SCH-01-001 | C15: West approach: track-slab survey - installation | D15: WBS Code = 1.1.1 | E15: R1-v2 | F15: 1.1.1 Guideway and Civil - Guideway Structures | G15: ONE_TO_ONE | H15: RETAINED | I15: Carried forward | J15: Source assignment -- not individually reviewed | N15: 10 EVIDENCE & DECISIONS
A16: Contractor Programme | B16: SCH-01-002 | C16: Depot lead: temporary traffic staging - inspection | D16: WBS Code = 1.1.1 | E16: R2-v2 | F16: 1.1.1 Guideway and Civil - Guideway Structures | G16: ONE_TO_ONE | H16: RETAINED | I16: Carried forward | J16: Source assignment -- not individually reviewed | N16: 10 EVIDENCE & DECISIONS
A17: Contractor Programme | B17: SCH-01-004 | C17: River crossing: road restoration - release | D17: WBS Code = 1.1.1 | E17: R4-v2 | F17: 1.1.1 Guideway and Civil - Guideway Structures | G17: ONE_TO_ONE | H17: RETAINED | I17: Carried forward | J17: Source assignment -- not individually reviewed | N17: 10 EVIDENCE & DECISIONS
A18: Contractor Programme | B18: SCH-01-007 | C18: Depot lead: drainage tie-in - inspection | D18: WBS Code = 1.1.1 | E18: R7-v2 | F18: 1.1.1 Guideway and Civil - Guideway Structures | G18: ONE_TO_ONE | H18: RETAINED | I18: Carried forward | J18: Source assignment -- not individually reviewed | N18: 10 EVIDENCE & DECISIONS
... A175: Contractor Programme | B175: SCH-01-003 | C175: Interface works near guideway and civil boundary | D175: WBS Code = 1.1.2 | E175: R3-v2 | F175: 1.1.2 Guideway and Civil - Utility & Roadworks | G175: ONE_TO_ONE | H175: RETAINED | I175: Carried forward | J175: Source assignment -- not individually reviewed | N175: 10 EVIDENCE & DECISIONS
A176: Contractor Programme | B176: SCH-01-005 | C176: Central guideway: drilled-shaft installation - field start - relocated to adjacent governed scope | D176: WBS Code = 1.1.2 | E176: R5-v3 | F176: 1.1.2 Guideway and Civil - Utility & Roadworks | G176: ONE_TO_ONE | H176: APPROVED | I176: Changed, re-decided | J176: Professional decision | K176: Maya Chen, Owner Project Controls | N176: 10 EVIDENCE & DECISIONS
A177: Contractor Programme | B177: SCH-01-006 | C177: West approach: retaining-wall excavation - installation | D177: WBS Code = 1.1.2 | E177: R6-v2 | F177: 1.1.2 Guideway and Civil - Utility & Roadworks | G177: ONE_TO_ONE | H177: RETAINED | I177: Carried forward | J177: Source assignment -- not individually reviewed | N177: 10 EVIDENCE & DECISIONS
A178: Contractor Programme | B178: SCH-01-009 | C178: River crossing: track-slab survey - release | D178: WBS Code = 1.1.2 | E178: R9-v2 | F178: 1.1.2 Guideway and Civil - Utility & Roadworks | G178: ONE_TO_ONE | H178: RETAINED | I178: Carried forward | J178: Source assignment -- not individually reviewed | N178: 10 EVIDENCE & DECISIONS
A179: Contractor Programme | B179: SCH-01-012 | C179: Depot lead: road restoration - inspection | D179: WBS Code = 1.1.2 | E179: R12-v2 | F179: 1.1.2 Guideway and Civil - Utility & Roadworks | G179: ONE_TO_ONE | H179: RETAINED | I179: Carried forward | J179: Source assignment -- not individually reviewed | N179: 10 EVIDENCE & DECISIONS
A180: Contractor Programme | B180: SCH-01-015 | C180: Central guideway: drainage tie-in - field start | D180: WBS Code = 1.1.2 | E180: R15-v2 | F180: 1.1.2 Guideway and Civil - Utility & Roadworks | G180: ONE_TO_ONE | H180: RETAINED | I180: Carried forward | J180: Source assignment -- not individually reviewed | N180: 10 EVIDENCE & DECISIONS
A181: Contractor Programme | B181: SCH-01-018 | C181: East portal: temporary traffic staging - turnover | D181: WBS Code = 1.1.2 | E181: R18-v2 | F181: 1.1.2 Guideway and Civil - Utility & Roadworks | G181: ONE_TO_ONE | H181: RETAINED | I181: Carried forward | J181: Source assignment -- not individually reviewed | N181: 10 EVIDENCE & DECISIONS
A182: Contractor Programme | B182: SCH-01-021 | C182: West approach: drilled-shaft installation - installation | D182: WBS Code = 1.1.2 | E182: R21-v2 | F182: 1.1.2 Guideway and Civil - Utility & Roadworks | G182: ONE_TO_ONE | H182: RETAINED | I182: Carried forward | J182: Source assignment -- not individually reviewed | N182: 10 EVIDENCE & DECISIONS
A183: Contractor Programme | B183: SCH-01-024 | C183: River crossing: utility relocation - release | D183: WBS Code = 1.1.2 | E183: R24-v2 | F183: 1.1.2 Guideway and Civil - Utility & Roadworks | G183: ONE_TO_ONE | H183: RETAINED | I183: Carried forward | J183: Source assignment -- not individually reviewed | N183: 10 EVIDENCE & DECISIONS
A184: Contractor Programme | B184: SCH-01-027 | C184: Depot lead: guideway pier reinforcement - inspection | D184: WBS Code = 1.1.2 | E184: R27-v2 | F184: 1.1.2 Guideway and Civil - Utility & Roadworks | G184: ONE_TO_ONE | H184: RETAINED | I184: Carried forward | J184: Source assignment -- not individually reviewed | N184: 10 EVIDENCE & DECISIONS
A185: Contractor Programme | B185: SCH-01-030 | C185: Central guideway: retaining-wall excavation - field start | D185: WBS Code = 1.1.2 | E185: R30-v2 | F185: 1.1.2 Guideway and Civil - Utility & Roadworks | G185: ONE_TO_ONE | H185: RETAINED | I185: Carried forward | J185: Source assignment -- not individually reviewed | N185: 10 EVIDENCE & DECISIONS
A186: Contractor Programme | B186: SCH-01-033 | C186: East portal: track-slab survey - turnover | D186: WBS Code = 1.1.2 | E186: R33-v2 | F186: 1.1.2 Guideway and Civil - Utility & Roadworks | G186: ONE_TO_ONE | H186: RETAINED | I186: Carried forward | J186: Source assignment -- not individually reviewed | N186: 10 EVIDENCE & DECISIONS
A187: Contractor Programme | B187: SCH-01-036 | C187: West approach: road restoration - installation | D187: WBS Code = 1.1.2 | E187: R36-v2 | F187: 1.1.2 Guideway and Civil - Utility & Roadworks | G187: ONE_TO_ONE | H187: RETAINED | I187: Carried forward | J187: Source assignment -- not individually reviewed | N187: 10 EVIDENCE & DECISIONS
A188: Contractor Programme | B188: SCH-01-039 | C188: River crossing: drainage tie-in - release | D188: WBS Code = 1.1.2 | E188: R39-v2 | F188: 1.1.2 Guideway and Civil - Utility & Roadworks | G188: ONE_TO_ONE | H188: RETAINED | I188: Carried forward | J188: Source assignment -- not individually reviewed | N188: 10 EVIDENCE & DECISIONS
... A237: Cost & Forecast Control Accounts | B237: CST-01-004 | C237: Guideway and Civil - roadworks - field package | D237: Cost Account = CA-1004; WBS Code = 1.1.2 | E237: R1086-v2 | F237: 1.1.2 Guideway and Civil - Utility & Roadworks | G237: ONE_TO_ONE | H237: RETAINED | I237: Carried forward | J237: Source assignment -- not individually reviewed | N237: 10 EVIDENCE & DECISIONS
A238: Cost & Forecast Control Accounts | B238: CST-01-005 | C238: Guideway and Civil - temporary works - supply and install - relocated to adjacent governed scope | D238: Cost Account = CA-1005; WBS Code = 1.1.2 | E238: R1087-v3 | F238: 1.1.2 Guideway and Civil - Utility & Roadworks | G238: ONE_TO_ONE | H238: APPROVED | I238: Changed, re-decided | J238: Professional decision | K238: Maya Chen, Owner Project Controls | N238: 10 EVIDENCE & DECISIONS
A239: Cost & Forecast Control Accounts | B239: CST-01-006 | C239: Guideway and Civil - concrete structures - professional services | D239: Cost Account = CA-1006; WBS Code = 1.1.2 | E239: R1088-v2 | F239: 1.1.2 Guideway and Civil - Utility & Roadworks | G239: ONE_TO_ONE | H239: RETAINED | I239: Carried forward | J239: Source assignment -- not individually reviewed | N239: 10 EVIDENCE & DECISIONS
A240: Cost & Forecast Control Accounts | B240: CST-01-008 | C240: Guideway and Civil - temporary works - closeout | D240: Cost Account = CA-1008; WBS Code = 1.1.2 | E240: R1090-v2 | F240: 1.1.2 Guideway and Civil - Utility & Roadworks | G240: ONE_TO_ONE | H240: RETAINED | I240: Carried forward | J240: Source assignment -- not individually reviewed | N240: 10 EVIDENCE & DECISIONS
A241: Cost & Forecast Control Accounts | B241: CST-01-010 | C241: Guideway and Civil - roadworks - supply and install | D241: Cost Account = CA-1010; WBS Code = 1.1.2 | E241: R1092-v2 | F241: 1.1.2 Guideway and Civil - Utility & Roadworks | G241: ONE_TO_ONE | H241: RETAINED | I241: Carried forward | J241: Source assignment -- not individually reviewed | N241: 10 EVIDENCE & DECISIONS
A242: Cost & Forecast Control Accounts | B242: CST-01-012 | C242: Guideway and Civil - concrete structures - allowance | D242: Cost Account = CA-1012; WBS Code = 1.1.2 | E242: R1094-v2 | F242: 1.1.2 Guideway and Civil - Utility & Roadworks | G242: ONE_TO_ONE | H242: RETAINED | I242: Carried forward | J242: Source assignment -- not individually reviewed | N242: 10 EVIDENCE & DECISIONS
A243: Cost & Forecast Control Accounts | B243: CST-01-014 | C243: Guideway and Civil - temporary works - field package | D243: Cost Account = CA-1014; WBS Code = 1.1.2 | E243: R1096-v2 | F243: 1.1.2 Guideway and Civil - Utility & Roadworks | G243: ONE_TO_ONE | H243: RETAINED | I243: Carried forward | J243: Source assignment -- not individually reviewed | N243: 10 EVIDENCE & DECISIONS
A244: Cost & Forecast Control Accounts | B244: CST-01-016 | C244: Guideway and Civil - roadworks - professional services | D244: Cost Account = CA-1016; WBS Code = 1.1.2 | E244: R1098-v2 | F244: 1.1.2 Guideway and Civil - Utility & Roadworks | G244: ONE_TO_ONE | H244: RETAINED | I244: Carried forward | J244: Source assignment -- not individually reviewed | N244: 10 EVIDENCE & DECISIONS
A245: Cost & Forecast Control Accounts | B245: CST-01-018 | C245: Guideway and Civil - concrete structures - closeout | D245: Cost Account = CA-1018; WBS Code = 1.1.2 | E245: R1100-v2 | F245: 1.1.2 Guideway and Civil - Utility & Roadworks | G245: ONE_TO_ONE | H245: RETAINED | I245: Carried forward | J245: Source assignment -- not individually reviewed | N245: 10 EVIDENCE & DECISIONS
A246: Cost & Forecast Control Accounts | B246: CST-01-020 | C246: Guideway and Civil - temporary works - supply and install | D246: Cost Account = CA-1020; WBS Code = 1.1.2 | E246: R1102-v2 | F246: 1.1.2 Guideway and Civil - Utility & Roadworks | G246: ONE_TO_ONE | H246: RETAINED | I246: Carried forward | J246: Source assignment -- not individually reviewed | N246: 10 EVIDENCE & DECISIONS
A247: Cost & Forecast Control Accounts | B247: CST-01-022 | C247: Guideway and Civil - roadworks - allowance | D247: Cost Account = CA-1022; WBS Code = 1.1.2 | E247: R1104-v2 | F247: 1.1.2 Guideway and Civil - Utility & Roadworks | G247: ONE_TO_ONE | H247: RETAINED | I247: Carried forward | J247: Source assignment -- not individually reviewed | N247: 10 EVIDENCE & DECISIONS
A248: Cost & Forecast Control Accounts | B248: CST-01-024 | C248: Guideway and Civil - concrete structures - field package | D248: Cost Account = CA-1024; WBS Code = 1.1.2 | E248: R1106-v2 | F248: 1.1.2 Guideway and Civil - Utility & Roadworks | G248: ONE_TO_ONE | H248: RETAINED | I248: Carried forward | J248: Source assignment -- not individually reviewed | N248: 10 EVIDENCE & DECISIONS
A249: Cost & Forecast Control Accounts | B249: CST-01-026 | C249: Guideway and Civil - temporary works - professional services | D249: Cost Account = CA-1026; WBS Code = 1.1.2 | E249: R1108-v2 | F249: 1.1.2 Guideway and Civil - Utility & Roadworks | G249: ONE_TO_ONE | H249: RETAINED | I249: Carried forward | J249: Source assignment -- not individually reviewed | N249: 10 EVIDENCE & DECISIONS
A250: Cost & Forecast Control Accounts | B250: CST-01-028 | C250: Guideway and Civil - roadworks - closeout | D250: Cost Account = CA-1028; WBS Code = 1.1.2 | E250: R1110-v2 | F250: 1.1.2 Guideway and Civil - Utility & Roadworks | G250: ONE_TO_ONE | H250: RETAINED | I250: Carried forward | J250: Source assignment -- not individually reviewed | N250: 10 EVIDENCE & DECISIONS
... A276: Cost & Forecast Control Accounts | B276: CST-01-080 | C276: Guideway and Civil - temporary works - supply and install | D276: Cost Account = CA-1080; WBS Code = 1.1.2 | E276: R1162-v2 | F276: 1.1.2 Guideway and Civil - Utility & Roadworks | G276: ONE_TO_ONE | H276: RETAINED | I276: Carried forward | J276: Source assignment -- not individually reviewed | N276: 10 EVIDENCE & DECISIONS
A277: Commercial Package Register | B277: PKG-001 | C277: Guideway Civil Works | D277: Package Code = PK-101; WBS Code = 1.1;1.2 | E277: R1563-v3 | F277: 1.2 Stations | G277: ONE_TO_MANY | H277: RETAINED | I277: Carried forward | J277: Earlier professional decision, carried forward | K277: Maya Chen, Owner Project Controls | M277: Source states 'WBS Code' = '1.1;1.2' -- names no element of this WBS -- professional reason (Maya Chen, Owner Project Controls): Source package register explicitly states both Owner-WBS branches. | N277: 10 EVIDENCE & DECISIONS
A278: Commercial Package Register | B278: PKG-005 | C278: Guideway Civil Works - Lot 2 - relocated to adjacent governed scope | D278: Package Code = PK-105; WBS Code = 1.2 | E278: R1567-v3 | F278: 1.2 Stations | G278: ONE_TO_ONE | H278: APPROVED | I278: Changed, re-decided | J278: Professional decision | K278: Maya Chen, Owner Project Controls | N278: 10 EVIDENCE & DECISIONS
A279: Commercial Package Register | B279: PKG-011 | C279: Station Structural Works | D279: Package Code = PK-201; WBS Code = 1.2 | E279: R1573-v2 | F279: 1.2 Stations | G279: ONE_TO_ONE | H279: RETAINED | I279: Carried forward | J279: Source assignment -- not individually reviewed | N279: 10 EVIDENCE & DECISIONS
A280: Commercial Package Register | B280: PKG-012 | C280: Station Fit-Out | D280: Package Code = PK-202; WBS Code = 1.2 | E280: R1574-v2 | F280: 1.2 Stations | G280: ONE_TO_ONE | H280: RETAINED | I280: Carried forward | J280: Source assignment -- not individually reviewed | N280: 10 EVIDENCE & DECISIONS
A281: Commercial Package Register | B281: PKG-013 | C281: Building Services | D281: Package Code = PK-203; WBS Code = 1.2 | E281: R1575-v2 | F281: 1.2 Stations | G281: ONE_TO_ONE | H281: RETAINED | I281: Carried forward | J281: Source assignment -- not individually reviewed | N281: 10 EVIDENCE & DECISIONS
A282: Commercial Package Register | B282: PKG-014 | C282: Public Realm | D282: Package Code = PK-204; WBS Code = 1.2 | E282: R1576-v2 | F282: 1.2 Stations | G282: ONE_TO_ONE | H282: RETAINED | I282: Carried forward | J282: Source assignment -- not individually reviewed | N282: 10 EVIDENCE & DECISIONS
A283: Commercial Package Register | B283: PKG-015 | C283: Station Structural Works - Lot 2 | D283: Package Code = PK-205; WBS Code = 1.2 | E283: R1577-v2 | F283: 1.2 Stations | G283: ONE_TO_ONE | H283: RETAINED | I283: Carried forward | J283: Source assignment -- not individually reviewed | N283: 10 EVIDENCE & DECISIONS
A284: Commercial Package Register | B284: PKG-016 | C284: Station Fit-Out - Lot 2 | D284: Package Code = PK-206; WBS Code = 1.2 | E284: R1578-v2 | F284: 1.2 Stations | G284: ONE_TO_ONE | H284: RETAINED | I284: Carried forward | J284: Source assignment -- not individually reviewed | N284: 10 EVIDENCE & DECISIONS
A285: Commercial Package Register | B285: PKG-017 | C285: Building Services - Lot 2 | D285: Package Code = PK-207; WBS Code = 1.2 | E285: R1579-v2 | F285: 1.2 Stations | G285: ONE_TO_ONE | H285: RETAINED | I285: Carried forward | J285: Source assignment -- not individually reviewed | N285: 10 EVIDENCE & DECISIONS
A286: Commercial Package Register | B286: PKG-018 | C286: Public Realm - Lot 2 | D286: Package Code = PK-208; WBS Code = 1.2 | E286: R1580-v2 | F286: 1.2 Stations | G286: ONE_TO_ONE | H286: RETAINED | I286: Carried forward | J286: Source assignment -- not individually reviewed | N286: 10 EVIDENCE & DECISIONS
A287: Commercial Package Register | B287: PKG-019 | C287: Station Structural Works - Lot 3 | D287: Package Code = PK-209; WBS Code = 1.2 | E287: R1581-v2 | F287: 1.2 Stations | G287: ONE_TO_ONE | H287: RETAINED | I287: Carried forward | J287: Source assignment -- not individually reviewed | N287: 10 EVIDENCE & DECISIONS
A288: Commercial Package Register | B288: PKG-020 | C288: Station Fit-Out - Lot 3 | D288: Package Code = PK-210; WBS Code = 1.2 | E288: R1582-v2 | F288: 1.2 Stations | G288: ONE_TO_ONE | H288: RETAINED | I288: Carried forward | J288: Source assignment -- not individually reviewed | N288: 10 EVIDENCE & DECISIONS
A289: Contractor Programme | B289: SCH-02-001 | C289: Harbour Station: vertical-transport installation - inspection | D289: WBS Code = 1.2.1 | E289: R181-v2 | F289: 1.2.1 Stations - Station Structures | G289: ONE_TO_ONE | H289: RETAINED | I289: Carried forward | J289: Source assignment -- not individually reviewed | N289: 10 EVIDENCE & DECISIONS
A290: Contractor Programme | B290: SCH-02-002 | C290: Market Station: platform edge installation - turnover | D290: WBS Code = 1.2.1 | E290: R182-v2 | F290: 1.2.1 Stations - Station Structures | G290: ONE_TO_ONE | H290: RETAINED | I290: Carried forward | J290: Source assignment -- not individually reviewed | N290: 10 EVIDENCE & DECISIONS
... A448: Cost & Forecast Control Accounts | B448: CST-02-079 | C448: Stations - public realm - supply and install | D448: Cost Account = CA-2079; WBS Code = 1.2.1 | E448: R1241-v2 | F448: 1.2.1 Stations - Station Structures | G448: ONE_TO_ONE | H448: RETAINED | I448: Carried forward | J448: Source assignment -- not individually reviewed | N448: 10 EVIDENCE & DECISIONS
A449: Contractor Programme | B449: SCH-02-003 | C449: Market Station: back-of-house interface works confirmed within station delivery boundary | D449: WBS Code = 1.2.2 | E449: R183-v4 | F449: 1.2.2 Stations - Architectural Fit-Out | G449: ONE_TO_ONE | H449: APPROVED | I449: New | J449: Professional decision | K449: Maya Chen, Owner Project Controls | N449: 10 EVIDENCE & DECISIONS
A450: Contractor Programme | B450: SCH-02-006 | C450: Harbour Station: station ventilation rough-in - inspection | D450: WBS Code = 1.2.2 | E450: R186-v2 | F450: 1.2.2 Stations - Architectural Fit-Out | G450: ONE_TO_ONE | H450: RETAINED | I450: Carried forward | J450: Source assignment -- not individually reviewed | N450: 10 EVIDENCE & DECISIONS
A451: Contractor Programme | B451: SCH-02-009 | C451: University Station: vertical-transport installation - field start | D451: WBS Code = 1.2.2 | E451: R189-v2 | F451: 1.2.2 Stations - Architectural Fit-Out | G451: ONE_TO_ONE | H451: RETAINED | I451: Carried forward | J451: Source assignment -- not individually reviewed | N451: 10 EVIDENCE & DECISIONS
A452: Contractor Programme | B452: SCH-02-012 | C452: Market Station: fire-life-safety cabling - turnover | D452: WBS Code = 1.2.2 | E452: R192-v2 | F452: 1.2.2 Stations - Architectural Fit-Out | G452: ONE_TO_ONE | H452: RETAINED | I452: Carried forward | J452: Source assignment -- not individually reviewed | N452: 10 EVIDENCE & DECISIONS
A453: Contractor Programme | B453: SCH-02-015 | C453: West Terminal: public-realm paving - installation | D453: WBS Code = 1.2.2 | E453: R195-v2 | F453: 1.2.2 Stations - Architectural Fit-Out | G453: ONE_TO_ONE | H453: RETAINED | I453: Carried forward | J453: Source assignment -- not individually reviewed | N453: 10 EVIDENCE & DECISIONS
A454: Contractor Programme | B454: SCH-02-018 | C454: Civic Station: platform edge installation - release | D454: WBS Code = 1.2.2 | E454: R198-v2 | F454: 1.2.2 Stations - Architectural Fit-Out | G454: ONE_TO_ONE | H454: RETAINED | I454: Carried forward | J454: Source assignment -- not individually reviewed | N454: 10 EVIDENCE & DECISIONS
A455: Contractor Programme | B455: SCH-02-021 | C455: Harbour Station: concourse slab pour - inspection | D455: WBS Code = 1.2.2 | E455: R201-v2 | F455: 1.2.2 Stations - Architectural Fit-Out | G455: ONE_TO_ONE | H455: RETAINED | I455: Carried forward | J455: Source assignment -- not individually reviewed | N455: 10 EVIDENCE & DECISIONS
A456: Contractor Programme | B456: SCH-02-024 | C456: University Station: entrance steel erection - field start | D456: WBS Code = 1.2.2 | E456: R204-v2 | F456: 1.2.2 Stations - Architectural Fit-Out | G456: ONE_TO_ONE | H456: RETAINED | I456: Carried forward | J456: Source assignment -- not individually reviewed | N456: 10 EVIDENCE & DECISIONS
A457: Contractor Programme | B457: SCH-02-027 | C457: Market Station: architectural wall framing - turnover | D457: WBS Code = 1.2.2 | E457: R207-v2 | F457: 1.2.2 Stations - Architectural Fit-Out | G457: ONE_TO_ONE | H457: RETAINED | I457: Carried forward | J457: Source assignment -- not individually reviewed | N457: 10 EVIDENCE & DECISIONS
A458: Contractor Programme | B458: SCH-02-030 | C458: West Terminal: station ventilation rough-in - installation | D458: WBS Code = 1.2.2 | E458: R210-v2 | F458: 1.2.2 Stations - Architectural Fit-Out | G458: ONE_TO_ONE | H458: RETAINED | I458: Carried forward | J458: Source assignment -- not individually reviewed | N458: 10 EVIDENCE & DECISIONS
A459: Contractor Programme | B459: SCH-02-033 | C459: Civic Station: vertical-transport installation - release | D459: WBS Code = 1.2.2 | E459: R213-v2 | F459: 1.2.2 Stations - Architectural Fit-Out | G459: ONE_TO_ONE | H459: RETAINED | I459: Carried forward | J459: Source assignment -- not individually reviewed | N459: 10 EVIDENCE & DECISIONS
A460: Contractor Programme | B460: SCH-02-036 | C460: Harbour Station: fire-life-safety cabling - inspection | D460: WBS Code = 1.2.2 | E460: R216-v2 | F460: 1.2.2 Stations - Architectural Fit-Out | G460: ONE_TO_ONE | H460: RETAINED | I460: Carried forward | J460: Source assignment -- not individually reviewed | N460: 10 EVIDENCE & DECISIONS
A461: Contractor Programme | B461: SCH-02-039 | C461: University Station: public-realm paving - field start | D461: WBS Code = 1.2.2 | E461: R219-v2 | F461: 1.2.2 Stations - Architectural Fit-Out | G461: ONE_TO_ONE | H461: RETAINED | I461: Carried forward | J461: Source assignment -- not individually reviewed | N461: 10 EVIDENCE & DECISIONS
... A1363: Cost & Forecast Control Accounts | B1363: CST-06-080 | C1363: Program Management - stakeholder services - supply and install | D1363: Cost Account = CA-6080; WBS Code = 1.6.2 | E1363: R1562-v2 | F1363: 1.6.2 Program Management - Commercial & Procurement | G1363: ONE_TO_ONE | H1363: RETAINED | I1363: Carried forward | J1363: Source assignment -- not individually reviewed | N1363: 10 EVIDENCE & DECISIONS
A1364: Contractor Programme | B1364: SCH-90-902 | C1364: Corporate training unrelated to project delivery scope | E1364: R1082-v3 | F1364: NO_WBS | G1364: NO_WBS | H1364: RETAINED | I1364: Carried forward | J1364: Earlier professional decision, carried forward | K1364: Maya Chen, Owner Project Controls | N1364: 10 EVIDENCE & DECISIONS
A1365: Commercial Package Register | B1365: PKG-903 | C1365: Supplemental procurement package | D1365: Package Code = PK-101; WBS Code = 1.1;1.2 | E1365: R1625-v2 | F1365: UNSURE | G1365: UNSURE | H1365: APPROVED | I1365: New | J1365: Professional decision | K1365: Maya Chen, Owner Project Controls | N1365: 10 EVIDENCE & DECISIONS
A1366: Contractor Programme | B1366: SCH-03-007 | C1366: Control Centre interface installation pending scope authorization; prior location reference withdrawn | E1366: R367-v3 | F1366: UNSURE | G1366: UNSURE | H1366: APPROVED | I1366: Changed, re-decided | J1366: Professional decision | K1366: Maya Chen, Owner Project Controls | N1366: 10 EVIDENCE & DECISIONS
A1367: Contractor Programme | B1367: SCH-04-003 | C1367: Interface works near vehicles and depot boundary | E1367: R543-v3 | F1367: UNSURE | G1367: UNSURE | H1367: RETAINED | I1367: Carried forward | J1367: Earlier professional decision, carried forward | K1367: Maya Chen, Owner Project Controls | N1367: 10 EVIDENCE & DECISIONS
A1368: Contractor Programme | B1368: SCH-06-001 | C1368: Systems package: commercial change review - installation | E1368: R901-v3 | F1368: UNSURE | G1368: UNSURE | H1368: RETAINED | I1368: Carried forward | J1368: Earlier professional decision, carried forward | K1368: Maya Chen, Owner Project Controls | N1368: 10 EVIDENCE & DECISIONS
A1369: Contractor Programme | B1369: SCH-06-002 | C1369: Fleet package: design-package integration review - inspection | E1369: R902-v3 | F1369: UNSURE | G1369: UNSURE | H1369: RETAINED | I1369: Carried forward | J1369: Earlier professional decision, carried forward | K1369: Maya Chen, Owner Project Controls | N1369: 10 EVIDENCE & DECISIONS
A1370: Contractor Programme | B1370: SCH-06-003 | C1370: Interface works near program management boundary | E1370: R903-v3 | F1370: UNSURE | G1370: UNSURE | H1370: RETAINED | I1370: Carried forward | J1370: Earlier professional decision, carried forward | K1370: Maya Chen, Owner Project Controls | N1370: 10 EVIDENCE & DECISIONS
A1371: Contractor Programme | B1371: SCH-06-004 | C1371: Civil package: permit coordination - release | E1371: R904-v3 | F1371: UNSURE | G1371: UNSURE | H1371: RETAINED | I1371: Carried forward | J1371: Earlier professional decision, carried forward | K1371: Maya Chen, Owner Project Controls | N1371: 10 EVIDENCE & DECISIONS
A1372: Contractor Programme | B1372: SCH-06-005 | C1372: Stations package: delivery risk workshop - field start | E1372: R905-v3 | F1372: UNSURE | G1372: UNSURE | H1372: RETAINED | I1372: Carried forward | J1372: Earlier professional decision, carried forward | K1372: Maya Chen, Owner Project Controls | N1372: 10 EVIDENCE & DECISIONS
A1373: Contractor Programme | B1373: SCH-06-006 | C1373: Systems package: monthly controls cut-off - installation | E1373: R906-v3 | F1373: UNSURE | G1373: UNSURE | H1373: RETAINED | I1373: Carried forward | J1373: Earlier professional decision, carried forward | K1373: Maya Chen, Owner Project Controls | N1373: 10 EVIDENCE & DECISIONS
A1374: Contractor Programme | B1374: SCH-06-007 | C1374: Fleet package: stakeholder interface meeting - inspection | E1374: R907-v3 | F1374: UNSURE | G1374: UNSURE | H1374: RETAINED | I1374: Carried forward | J1374: Earlier professional decision, carried forward | K1374: Maya Chen, Owner Project Controls | N1374: 10 EVIDENCE & DECISIONS
A1375: Contractor Programme | B1375: SCH-06-008 | C1375: Program office: baseline change control - turnover | E1375: R908-v3 | F1375: UNSURE | G1375: UNSURE | H1375: RETAINED | I1375: Carried forward | J1375: Earlier professional decision, carried forward | K1375: Maya Chen, Owner Project Controls | N1375: 10 EVIDENCE & DECISIONS
A1376: Contractor Programme | B1376: SCH-06-009 | C1376: Civil package: commercial change review - release | E1376: R909-v3 | F1376: UNSURE | G1376: UNSURE | H1376: RETAINED | I1376: Carried forward | J1376: Earlier professional decision, carried forward | K1376: Maya Chen, Owner Project Controls | N1376: 10 EVIDENCE & DECISIONS
A1377: Contractor Programme | B1377: SCH-06-010 | C1377: Stations package: design-package integration review - field start | E1377: R910-v3 | F1377: UNSURE | G1377: UNSURE | H1377: RETAINED | I1377: Carried forward | J1377: Earlier professional decision, carried forward | K1377: Maya Chen, Owner Project Controls | N1377: 10 EVIDENCE & DECISIONS
... A1547: Contractor Programme | B1547: SCH-06-180 | C1547: Stations package: permit coordination - field start | E1547: R1080-v3 | F1547: UNSURE | G1547: UNSURE | H1547: RETAINED | I1547: Carried forward | J1547: Earlier professional decision, carried forward | K1547: Maya Chen, Owner Project Controls | N1547: 10 EVIDENCE & DECISIONS
A1548: Cost & Forecast Control Accounts | B1548: CST-03-004 | C1548: Systems - systems integration - professional services | D1548: Cost Account = CA-3004 | E1548: R1246-v3 | F1548: UNSURE | G1548: UNSURE | H1548: RETAINED | I1548: Carried forward | J1548: Earlier professional decision, carried forward | K1548: Maya Chen, Owner Project Controls | N1548: 10 EVIDENCE & DECISIONS
A1549: Cost & Forecast Control Accounts | B1549: CST-05-001 | C1549: Testing & readiness - trial running - control account | D1549: Cost Account = CA-5001 | E1549: R1403-v3 | F1549: UNSURE | G1549: UNSURE | H1549: RETAINED | I1549: Carried forward | J1549: Earlier professional decision, carried forward | K1549: Maya Chen, Owner Project Controls | N1549: 10 EVIDENCE & DECISIONS
A1550: Cost & Forecast Control Accounts | B1550: CST-05-002 | C1550: Testing & readiness - safety certification - control account | D1550: Cost Account = CA-5002 | E1550: R1404-v3 | F1550: UNSURE | G1550: UNSURE | H1550: RETAINED | I1550: Carried forward | J1550: Earlier professional decision, carried forward | K1550: Maya Chen, Owner Project Controls | N1550: 10 EVIDENCE & DECISIONS
A1551: Cost & Forecast Control Accounts | B1551: CST-05-003 | C1551: Testing & readiness - defect closeout - control account | D1551: Cost Account = CA-5003 | E1551: R1405-v3 | F1551: UNSURE | G1551: UNSURE | H1551: RETAINED | I1551: Carried forward | J1551: Earlier professional decision, carried forward | K1551: Maya Chen, Owner Project Controls | N1551: 10 EVIDENCE & DECISIONS
A1552: Cost & Forecast Control Accounts | B1552: CST-05-004 | C1552: Testing & readiness - test management - control account | D1552: Cost Account = CA-5004 | E1552: R1406-v3 | F1552: UNSURE | G1552: UNSURE | H1552: RETAINED | I1552: Carried forward | J1552: Earlier professional decision, carried forward | K1552: Maya Chen, Owner Project Controls | N1552: 10 EVIDENCE & DECISIONS
A1553: Cost & Forecast Control Accounts | B1553: CST-05-005 | C1553: Testing & readiness - trial running - control account | D1553: Cost Account = CA-5005 | E1553: R1407-v3 | F1553: UNSURE | G1553: UNSURE | H1553: RETAINED | I1553: Carried forward | J1553: Earlier professional decision, carried forward | K1553: Maya Chen, Owner Project Controls | N1553: 10 EVIDENCE & DECISIONS
A1554: Cost & Forecast Control Accounts | B1554: CST-05-006 | C1554: Testing & readiness - safety certification - control account | D1554: Cost Account = CA-5006 | E1554: R1408-v3 | F1554: UNSURE | G1554: UNSURE | H1554: RETAINED | I1554: Carried forward | J1554: Earlier professional decision, carried forward | K1554: Maya Chen, Owner Project Controls | N1554: 10 EVIDENCE & DECISIONS
A1555: Cost & Forecast Control Accounts | B1555: CST-05-007 | C1555: Testing & readiness - defect closeout - control account | D1555: Cost Account = CA-5007 | E1555: R1409-v3 | F1555: UNSURE | G1555: UNSURE | H1555: RETAINED | I1555: Carried forward | J1555: Earlier professional decision, carried forward | K1555: Maya Chen, Owner Project Controls | N1555: 10 EVIDENCE & DECISIONS
A1556: Cost & Forecast Control Accounts | B1556: CST-05-008 | C1556: Testing & readiness - test management - control account | D1556: Cost Account = CA-5008 | E1556: R1410-v3 | F1556: UNSURE | G1556: UNSURE | H1556: RETAINED | I1556: Carried forward | J1556: Earlier professional decision, carried forward | K1556: Maya Chen, Owner Project Controls | N1556: 10 EVIDENCE & DECISIONS
A1557: Cost & Forecast Control Accounts | B1557: CST-05-009 | C1557: Testing & readiness - trial running - control account | D1557: Cost Account = CA-5009 | E1557: R1411-v3 | F1557: UNSURE | G1557: UNSURE | H1557: RETAINED | I1557: Carried forward | J1557: Earlier professional decision, carried forward | K1557: Maya Chen, Owner Project Controls | N1557: 10 EVIDENCE & DECISIONS
...

Sheet 09 WBS EXPLORER
A1: WBS EXPLORER
A2: The approved WBS as integration spine, with governed relationship populations beneath it.
A3: Executive | B3: Issues | C3: Integration | D3: Project | E3: Changes | F3: Crosswalk | G3: Evidence | H3: Sources
A4: Governed relationship coverage/status → advanced approved scope / relationship-row view
A5: WBS | B5: Element | C5: Level | D5: Schedule | E5: Cost / forecast | F5: Package / contract | G5: Other | H5: Open / unresolved | I5: Changed | J5: Integration condition | K5: Crosswalk
B6: HarbourLink Urban Transit Expansion | C6: 0 | D6: 899 governed relationships | E6: 399 governed relationships | F6: 59 governed relationships | G6: 0 governed relationships | H6: 0 | I6: 7 | J6: Aligned: Schedule and cost both relate through this WBS branch. 59 package/contract relationships also project through this branch. | K6: 08 CROSSWALK
A7: 1 | B7: HarbourLink Urban Transit Expansion | C7: 1 | D7: 899 governed relationships | E7: 399 governed relationships | F7: 59 governed relationships | G7: 0 governed relationships | H7: 0 | I7: 7 | J7: Aligned: Schedule and cost both relate through this WBS branch. 59 package/contract relationships also project through this branch. | K7: 08 CROSSWALK
A8: 1.1 | B8: Guideway and Civil | C8: 2 | D8: 181 governed relationships | E8: 81 governed relationships | F8: 9 governed relationships | G8: 0 governed relationships | H8: 0 | I8: 5 | J8: Aligned: Schedule and cost both relate through this WBS branch. 9 package/contract relationships also project through this branch. | K8: 08 CROSSWALK
A9: 1.1.1 | B9: Guideway and Civil - Guideway Structures | C9: 3 | D9: 120 governed relationships | E9: 40 governed relationships | F9: 0 governed relationships | G9: 0 governed relationships | H9: 0 | I9: 3 | J9: Aligned: Schedule and cost both relate through this WBS branch. | K9: 08 CROSSWALK
A10: 1.1.1.1 | B10: Guideway Structures - East Segment | C10: 4 | D10: 0 governed relationships | E10: 0 governed relationships | F10: 0 governed relationships | G10: 0 governed relationships | H10: 0 | I10: 0 | J10: Partial: No governed schedule or cost relationships in this WBS branch. | K10: 08 CROSSWALK
A11: 1.1.1.2 | B11: Guideway Structures - West Segment | C11: 4 | D11: 0 governed relationships | E11: 0 governed relationships | F11: 0 governed relationships | G11: 0 governed relationships | H11: 0 | I11: 0 | J11: Partial: No governed schedule or cost relationships in this WBS branch. | K11: 08 CROSSWALK
A12: 1.1.2 | B12: Guideway and Civil - Utility & Roadworks | C12: 3 | D12: 61 governed relationships | E12: 41 governed relationships | F12: 0 governed relationships | G12: 0 governed relationships | H12: 0 | I12: 2 | J12: Aligned: Schedule and cost both relate through this WBS branch. | K12: 08 CROSSWALK
A13: 1.1.2.1 | B13: Utility & Roadworks - East Segment | C13: 4 | D13: 0 governed relationships | E13: 0 governed relationships | F13: 0 governed relationships | G13: 0 governed relationships | H13: 0 | I13: 0 | J13: Partial: No governed schedule or cost relationships in this WBS branch. | K13: 08 CROSSWALK
A14: 1.1.2.2 | B14: Utility & Roadworks - West Segment | C14: 4 | D14: 0 governed relationships | E14: 0 governed relationships | F14: 0 governed relationships | G14: 0 governed relationships | H14: 0 | I14: 0 | J14: Partial: No governed schedule or cost relationships in this WBS branch. | K14: 08 CROSSWALK
A15: 1.1.3 | B15: Guideway and Civil - Track Support Works | C15: 3 | D15: 0 governed relationships | E15: 0 governed relationships | F15: 0 governed relationships | G15: 0 governed relationships | H15: 0 | I15: 0 | J15: Partial: No governed schedule or cost relationships in this WBS branch. | K15: 08 CROSSWALK
A16: 1.1.3.1 | B16: Track Support Works - East Segment | C16: 4 | D16: 0 governed relationships | E16: 0 governed relationships | F16: 0 governed relationships | G16: 0 governed relationships | H16: 0 | I16: 0 | J16: Partial: No governed schedule or cost relationships in this WBS branch. | K16: 08 CROSSWALK
A17: 1.1.3.2 | B17: Track Support Works - West Segment | C17: 4 | D17: 0 governed relationships | E17: 0 governed relationships | F17: 0 governed relationships | G17: 0 governed relationships | H17: 0 | I17: 0 | J17: Partial: No governed schedule or cost relationships in this WBS branch. | K17: 08 CROSSWALK
A18: 1.1.4 | B18: Guideway and Civil - Civil Interfaces | C18: 3 | D18: 0 governed relationships | E18: 0 governed relationships | F18: 0 governed relationships | G18: 0 governed relationships | H18: 0 | I18: 0 | J18: Partial: No governed schedule or cost relationships in this WBS branch. | K18: 08 CROSSWALK
... A85: 1.6.4.2 | B85: Delivery Integration - Delivery Partners | C85: 4 | D85: 0 governed relationships | E85: 0 governed relationships | F85: 0 governed relationships | G85: 0 governed relationships | H85: 0 | I85: 0 | J85: Partial: No governed schedule or cost relationships in this WBS branch. | K85: 08 CROSSWALK

Sheet 10 EVIDENCE & DECISIONS
A1: EVIDENCE & DECISIONS
A2: Source says → relationship / interpretation → professional decision → current governed state.
A3: Executive | B3: Issues | C3: Integration | D3: Project | E3: Changes | F3: Crosswalk | G3: Evidence | H3: Sources
A5: Relationship | B5: Source / record | C5: SOURCE SAYS | D5: RELATIONSHIP / INTERPRETATION | E5: Contrary / competing evidence | F5: PROFESSIONAL DECISION | G5: Decision scope | H5: CURRENT GOVERNED STATE | I5: Change / reopen | J5: Crosswalk
A6: R1563-v3 | B6: Commercial Package Register / PKG-001 | C6: Package Code = PK-101; WBS Code = 1.1;1.2 | D6: Proposed by Professional; target 1.1 Guideway and Civil | E6: Source states 'WBS Code' = '1.1;1.2' -- names no element of this WBS -- professional reason (Maya Chen, Owner Project Controls): Source package register explicitly states both Owner-WBS branches. | F6: Maya Chen, Owner Project Controls: Earlier professional decision, carried forward | G6: Individual, carried forward | H6: RETAINED / ONE_TO_MANY; | I6: Carried forward | J6: 08 CROSSWALK
A7: R1564-v2 | B7: Commercial Package Register / PKG-002 | C7: Package Code = PK-102; WBS Code = 1.1 | D7: Proposed by Source assignment; target 1.1 Guideway and Civil | E7: None recorded | F7: No individual professional decision recorded; Source assignment -- not individually reviewed | G7: Not individually decided | H7: RETAINED / ONE_TO_ONE; | I7: Carried forward | J7: 08 CROSSWALK
A8: R1565-v2 | B8: Commercial Package Register / PKG-003 | C8: Package Code = PK-103; WBS Code = 1.1 | D8: Proposed by Source assignment; target 1.1 Guideway and Civil | E8: None recorded | F8: No individual professional decision recorded; Source assignment -- not individually reviewed | G8: Not individually decided | H8: RETAINED / ONE_TO_ONE; | I8: Carried forward | J8: 08 CROSSWALK
A9: R1566-v2 | B9: Commercial Package Register / PKG-004 | C9: Package Code = PK-104; WBS Code = 1.1 | D9: Proposed by Source assignment; target 1.1 Guideway and Civil | E9: None recorded | F9: No individual professional decision recorded; Source assignment -- not individually reviewed | G9: Not individually decided | H9: RETAINED / ONE_TO_ONE; | I9: Carried forward | J9: 08 CROSSWALK
A10: R1568-v2 | B10: Commercial Package Register / PKG-006 | C10: Package Code = PK-106; WBS Code = 1.1 | D10: Proposed by Source assignment; target 1.1 Guideway and Civil | E10: None recorded | F10: No individual professional decision recorded; Source assignment -- not individually reviewed | G10: Not individually decided | H10: RETAINED / ONE_TO_ONE; | I10: Carried forward | J10: 08 CROSSWALK
A11: R1569-v2 | B11: Commercial Package Register / PKG-007 | C11: Package Code = PK-107; WBS Code = 1.1 | D11: Proposed by Source assignment; target 1.1 Guideway and Civil | E11: None recorded | F11: No individual professional decision recorded; Source assignment -- not individually reviewed | G11: Not individually decided | H11: RETAINED / ONE_TO_ONE; | I11: Carried forward | J11: 08 CROSSWALK
A12: R1570-v2 | B12: Commercial Package Register / PKG-008 | C12: Package Code = PK-108; WBS Code = 1.1 | D12: Proposed by Source assignment; target 1.1 Guideway and Civil | E12: None recorded | F12: No individual professional decision recorded; Source assignment -- not individually reviewed | G12: Not individually decided | H12: RETAINED / ONE_TO_ONE; | I12: Carried forward | J12: 08 CROSSWALK
A13: R1571-v2 | B13: Commercial Package Register / PKG-009 | C13: Package Code = PK-109; WBS Code = 1.1 | D13: Proposed by Source assignment; target 1.1 Guideway and Civil | E13: None recorded | F13: No individual professional decision recorded; Source assignment -- not individually reviewed | G13: Not individually decided | H13: RETAINED / ONE_TO_ONE; | I13: Carried forward | J13: 08 CROSSWALK
A14: R1572-v2 | B14: Commercial Package Register / PKG-010 | C14: Package Code = PK-110; WBS Code = 1.1 | D14: Proposed by Source assignment; target 1.1 Guideway and Civil | E14: None recorded | F14: No individual professional decision recorded; Source assignment -- not individually reviewed | G14: Not individually decided | H14: RETAINED / ONE_TO_ONE; | I14: Carried forward | J14: 08 CROSSWALK
A15: R1-v2 | B15: Contractor Programme / SCH-01-001 | C15: WBS Code = 1.1.1 | D15: Proposed by Source assignment; target 1.1.1 Guideway and Civil - Guideway Structures | E15: None recorded | F15: No individual professional decision recorded; Source assignment -- not individually reviewed | G15: Not individually decided | H15: RETAINED / ONE_TO_ONE; | I15: Carried forward | J15: 08 CROSSWALK
A16: R2-v2 | B16: Contractor Programme / SCH-01-002 | C16: WBS Code = 1.1.1 | D16: Proposed by Source assignment; target 1.1.1 Guideway and Civil - Guideway Structures | E16: None recorded | F16: No individual professional decision recorded; Source assignment -- not individually reviewed | G16: Not individually decided | H16: RETAINED / ONE_TO_ONE; | I16: Carried forward | J16: 08 CROSSWALK
... A1631: R1081-v3 | B1631: Contractor Programme / SCH-90-901 | C1631: No explicit source assertion recorded | D1631: Proposed by Professional; target NEW_SCOPE | E1631: None recorded | F1631: No individual professional decision recorded; Retired -- no longer reported | G1631: Earlier decision, carried forward | H1631: RETIRED / NEW_SCOPE; | I1631: Retired | J1631: 08 CROSSWALK

Sheet 11 SOURCES & PROVENANCE
A1: SOURCES & PROVENANCE
A2: The information boundary of this workbook. Supplied evidence is not the same as established interpretation.
A3: Executive | B3: Issues | C3: Integration | D3: Project | E3: Changes | F3: Crosswalk | G3: Evidence | H3: Sources
A5: Project source-representation integrity | B5: Established
A7: Source | B7: Governed role | C7: Revision | D7: Reporting period | E7: Rows | F7: Role basis | G7: Role validity | H7: Table boundary | I7: Interpretation | J7: Interpretation basis | K7: Format | L7: File integrity
A8: Commercial Package Register | B8: WORK_PACKAGE_LIST | C8: Rev 1 | D8: Commercial Package Register Cycle 2 | E8: 60 | F8: declared at upload | G8: RETAINED | H8: ESTABLISHED | I8: TABLE | J8: SOURCE_NATIVE_SCHEMA | K8: xlsx | L8: SOURCE_REPRESENTATION_ESTABLISHED
A9: Contractor Programme | B9: SCHEDULE | C9: Rev 1 | D9: Contractor Programme Cycle 2 | E9: 1082 | F9: declared at upload | G9: RETAINED | H9: ESTABLISHED | I9: TABLE | J9: DETERMINISTIC_SEMANTIC_RELATION | K9: csv | L9: SOURCE_REPRESENTATION_ESTABLISHED
A10: Cost & Forecast Control Accounts | B10: COST_ESTIMATE | C10: Rev 1 | D10: Cost & Forecast Control Accounts Cycle 2 | E10: 480 | F10: declared at upload | G10: RETAINED | H10: ESTABLISHED | I10: TABLE | J10: DETERMINISTIC_SEMANTIC_RELATION | K10: xlsx | L10: SOURCE_REPRESENTATION_ESTABLISHED
A11: Owner WBS | B11: WBS_DICTIONARY | C11: Rev 0 | D11: Initial | E11: 79 | F11: declared at upload | G11: AS_SUPPLIED | H11: ESTABLISHED | I11: TABLE | J11: DETERMINISTIC_SEMANTIC_RELATION | K11: xlsx | L11: SOURCE_REPRESENTATION_ESTABLISHED

Sheet 12 ASSURANCE
A1: ASSURANCE
A2: Exact governance detail and output boundaries. This sheet supports review; it does not create authority.
A3: Executive | B3: Issues | C3: Integration | D3: Project | E3: Changes | F3: Crosswalk | G3: Evidence | H3: Sources
A5: Assurance item | B5: Recorded value
A6: Output version | B6: Premium Workbook Rev 2
A7: Project | B7: HarbourLink Urban Transit Expansion
A8: Approved mapping version | B8: MV-2 (REPORTING)
A9: Approved by | B9: Maya Chen, Owner Project Controls
A10: Approved timestamp | B10: 2026-10-16 14:14 UTC
A11: WBS version | B11: 1
A12: Source-representation integrity | B12: SOURCE_REPRESENTATION_ESTABLISHED
A13: Source-integrity unresolved count | B13: 0
A14: Relationship rows | B14: 1626
A15: Generation timestamp | B15: 2026-10-16 14:16 UTC
A17: Interpretation boundary
A18: Workbook/App/JSON/PDF agreement can prove that outputs consume one governed state. It cannot prove that an upstream source interpretation is true. Source representation integrity is a separate prerequisite for substantive management claims.
A21: Known output limitations
A22: • Management amount/date/duration measures are withheld unless field semantics are explicitly governed for that use.
A23: • The workbook projects independent source structures through governed WBS relationships; it does not create direct source-to-source truth.
A24: • Sheet 04 (issues for review) is not a ranked list and does not claim objective materiality without a governed ranking basis.
A25: • Fictional evaluation case. No real-client provenance, privacy/security/compliance or hosting-residency claim is made by this workbook.
A27: Visual / metric ledger
A28: ID | B28: Title | C28: Management question | D28: Basis / population | E28: Unresolved treatment | F28: Transformation | G28: Drill path | H28: Records | I28: Status
A29: V1 | B29: WBS × control-view integration matrix | C29: Which supplied project-control views have governed relationships through each major Owner-WBS branch? | D29: Latest approved MappingVersion and its approved source-role basis. | Non-retired governed/open relationship population scoped through each displayed WBS branch. | E29: Unresolved is distinct from assessed zero coverage and source-not-supplied. | F29: Categorical state from supplied source role plus branch-scoped governed/open relationships; no health percentage. | G29: visual → WBS branch → integrated project → Crosswalk → evidence/professional decision | H29: 1357 | I29: AVAILABLE
A30: V2 | B30: Management-attention concentration by WBS branch | C30: Where are governed reopened, unresolved or contradictory relationship populations concentrated? | D30: Latest approved relationship state and retained relationship evidence. | Branch-scoped relationships with reopened/unresolved/contradictory evidence. | E30: Counts remain explicit; no record-count-to-materiality inference. | F30: Count qualifying relationship records by approved WBS branch; overlapping categories remain separately labelled. | G30: visual → WBS branch → Changes/What Matters Now → Crosswalk → evidence | H30: 6 | I30: AVAILABLE
A31: V3 | B31: Cycle governed-state composition | C31: How much relationship state carried forward versus required revalidation/redecision/new/retired treatment? | D31: Current approved MappingVersion change labels relative to prior approved state. | One current/historical change label per governed relationship version represented in output. | E31: Unresolved relationship outcome remains separate from change-state composition. | F31: Count governed relationships by the existing change labels; no speed/value claim inferred. | G31: visual → change class → Changes & Revalidation → relationship → evidence | H31: 1625 | I31: AVAILABLE
A32: V4 | B32: Governed cost / forecast view | C32: What governed cost/forecast amount can be shown by WBS scope? | D32: No sufficient quantitative contract supplied. | None admitted. | E32: All amount claims withheld. | F32: No aggregation performed. | G32: See Sources & Provenance / Assurance for withholding reason. | H32: 0 | I32: WITHHELD

Sheet 13 REVISIONS & PERIODS
A1: REVISIONS & PERIODS
A2: Which reporting revision this workbook is built on, what superseded what, and why only part of the governed relationship state reopened.
A3: Executive | B3: Issues | C3: Integration | D3: Project | E3: Changes | F3: Crosswalk | G3: Evidence | H3: Sources
A5: State of record | B5: MV-2 approved by Maya Chen, Owner Project Controls · 2026-10-16 14:14 UTC
A6: Built on these revisions | B6: Owner WBS (Initial Rev 0); Contractor Programme (Contractor Programme Cycle 2 Rev 1); Cost & Forecast Control Accounts (Cost & Forecast Control Accounts Cycle 2 Rev 1); Commercial Package Register (Commercial Package Register Cycle 2 Rev 1)
A8: Selective revalidation in this version
A9: Relationships (unique) by change since the previous approved version -- the same composition as 07 CHANGES & REVALIDATION. Carried forward work was not rebuilt.
A10: Relationships in this version | B10: 1625
A11: Carried forward without rework | B11: 1614
A12: Came back and were decided again (changed) | B12: 4
A13: New in this version | B13: 4
A14: Retired (no longer reported) | B14: 3
A16: Source revision history
A17: Every revision supplied up to this approval, oldest first per source. CURRENT = the revision this version was approved against; SUPERSEDED = replaced within the same reporting period; HISTORICAL = the last revision of an earlier period. Added / Removed / Changed compare each revision's records with the previous revision of the same source (source content, not a relationship decision).
A18: Source | B18: Reporting period | C18: Revision | D18: Revision in period | E18: State | F18: Superseded by | G18: Effective from (UTC) | H18: Effective to (UTC) | I18: Data date | J18: Records | K18: Added | L18: Removed | M18: Changed | N18: Unchanged | O18: Approval basis | P18: File (SHA-256, first 12)
A19: Owner WBS | B19: Initial | C19: Rev 0 | D19: 0 | E19: CURRENT | G19: 2026-10-16 14:10:28 | I19: 2026-06-30 | J19: 79 | O19: Approved basis | P19: 37a40d25ac86
A20: Contractor Programme | B20: Initial | C20: Rev 0 | D20: 0 | E20: HISTORICAL | F20: Contractor Programme Cycle 2 Rev 1 | G20: 2026-10-16 14:10:29 | H20: 2026-10-16 14:13:10 | I20: 2026-06-30 | J20: 1082 | P20: 3fd2ce3d07c0
A21: Contractor Programme | B21: Contractor Programme Cycle 2 | C21: Rev 1 | D21: 0 | E21: CURRENT | G21: 2026-10-16 14:13:10 | I21: 2026-07-31 | J21: 1082 | K21: 1 | L21: 1 | M21: 4 | N21: 1077 | O21: Approved basis | P21: 70e5e6455910
A22: Cost & Forecast Control Accounts | B22: Initial | C22: Rev 0 | D22: 0 | E22: HISTORICAL | F22: Cost & Forecast Control Accounts Cycle 2 Rev 1 | G22: 2026-10-16 14:10:30 | H22: 2026-10-16 14:13:11 | I22: 2026-06-30 | J22: 480 | P22: 729f36ae0e36
A23: Cost & Forecast Control Accounts | B23: Cost & Forecast Control Accounts Cycle 2 | C23: Rev 1 | D23: 0 | E23: CURRENT | G23: 2026-10-16 14:13:11 | I23: 2026-07-31 | J23: 480 | K23: 2 | L23: 2 | M23: 478 | N23: 0 | O23: Approved basis | P23: 628602ab86bb
A24: Commercial Package Register | B24: Initial | C24: Rev 0 | D24: 0 | E24: HISTORICAL | F24: Commercial Package Register Cycle 2 Rev 1 | G24: 2026-10-16 14:10:30 | H24: 2026-10-16 14:13:12 | I24: 2026-06-30 | J24: 60 | P24: 69e50b85c924
A25: Commercial Package Register | B25: Commercial Package Register Cycle 2 | C25: Rev 1 | D25: 0 | E25: CURRENT | G25: 2026-10-16 14:13:12 | I25: 2026-07-31 | J25: 60 | K25: 1 | L25: 1 | M25: 2 | N25: 57 | O25: Approved basis | P25: 6a24e73c396f
A27: Approval history
A28: Each approved mapping version, the source revisions it was approved against, and how much of its relationship state was carried forward versus decided again.
A29: Mapping version | B29: Status | C29: Approved by | D29: Approved at (UTC) | E29: Approved against | F29: Relationships | G29: Carried forward | H29: Changed, re-decided | I29: New | J29: Retired
A30: MV-1 | B30: Superseded | C30: Maya Chen, Owner Project Controls | D30: 2026-10-16 14:11:18 | E30: Owner WBS (Initial Rev 0); Contractor Programme (Initial Rev 0); Cost & Forecast Control Accounts (Initial Rev 0); Commercial Package Register (Initial Rev 0) | F30: 1622 | G30: 0 | H30: 0 | I30: 1622 | J30: 0
A31: MV-2 | B31: State of record | C31: Maya Chen, Owner Project Controls | D31: 2026-10-16 14:14:10 | E31: Owner WBS (Initial Rev 0); Contractor Programme (Contractor Programme Cycle 2 Rev 1); Cost & Forecast Control Accounts (Cost & Forecast Control Accounts Cycle 2 Rev 1); Commercial Package Register (Commercial Package Register Cycle 2 Rev 1) | F31: 1625 | G31: 1614 | H31: 4 | I31: 4 | J31: 3
A33: Came back for a decision in this version
A34: Only these relationships were reopened, new or retired; every other relationship was carried forward with its original basis and approver.
A35: Relationship | B35: Record | C35: Change | D35: Reason | E35: Decided by | F35: Evidence
A36: R1087-v3 | B36: CST-01-005 | C36: Changed, re-decided | D36: 'WBS Code' changed from 1.1.1 to 1.1.2; 'WBS Code' changed from 1.1.1 to 1.1.2; 'WBS Code' changed from 1.1.1 to 1.1.2 | E36: Maya Chen, Owner Project Controls | F36: 10 EVIDENCE & DECISIONS
A37: R1567-v3 | B37: PKG-005 | C37: Changed, re-decided | D37: 'WBS Code' changed from 1.1 to 1.2; 'WBS Code' changed from 1.1 to 1.2; 'WBS Code' changed from 1.1 to 1.2 | E37: Maya Chen, Owner Project Controls | F37: 10 EVIDENCE & DECISIONS
A38: R5-v3 | B38: SCH-01-005 | C38: Changed, re-decided | D38: 'WBS Code' changed from 1.1.1 to 1.1.2; 'WBS Code' changed from 1.1.1 to 1.1.2; 'WBS Code' changed from 1.1.1 to 1.1.2 | E38: Maya Chen, Owner Project Controls | F38: 10 EVIDENCE & DECISIONS
A39: R367-v3 | B39: SCH-03-007 | C39: Changed, re-decided | D39: 'WBS Code' changed from 1.3.1 to (blank); 'WBS Code' changed from 1.3.1 to (blank); 'WBS Code' changed from 1.3.1 to (blank) | E39: Maya Chen, Owner Project Controls | F39: 10 EVIDENCE & DECISIONS
A40: R1624-v1 | B40: CST-90-903 | C40: New | D40: Record first supplied in this revision | F40: 10 EVIDENCE & DECISIONS
A41: R1625-v2 | B41: PKG-903 | C41: New | D41: Record first supplied in this revision | E41: Maya Chen, Owner Project Controls | F41: 10 EVIDENCE & DECISIONS
A42: R183-v4 | B42: SCH-02-003 | C42: New | D42: 'WBS Code' changed from (blank) to 1.2.2; 'WBS Code' changed from (blank) to 1.2.2; 'WBS Code' changed from (blank) to 1.2.2 | E42: Maya Chen, Owner Project Controls | F42: 10 EVIDENCE & DECISIONS
A43: R1623-v1 | B43: SCH-90-903 | C43: New | D43: Record first supplied in this revision | F43: 10 EVIDENCE & DECISIONS
A44: R1561-v2 | B44: CST-06-079 | C44: Retired | D44: No longer in the current revision | F44: 10 EVIDENCE & DECISIONS
A45: R1621-v2 | B45: PKG-059 | C45: Retired | D45: No longer in the current revision | F45: 10 EVIDENCE & DECISIONS
A46: R1081-v3 | B46: SCH-90-901 | C46: Retired | D46: No longer in the current revision | F46: 10 EVIDENCE & DECISIONS
A48: Each source keeps every revision it was supplied with. A revision is CURRENT while it is in force, SUPERSEDED once a later revision of the same reporting period replaces it, and HISTORICAL once a later reporting period closes its period. A new revision never remaps the project: relationships whose evidence did not change are carried forward with their original basis and approver; only those whose evidence changed come back for a decision.

Sheet 14 WBS HIERARCHY
A1: WBS HIERARCHY
A2: The approved WBS as a scope hierarchy. Use the outline buttons (1, 2, 3 ...) at the left to collapse or expand levels; counts recalculate from MASTER DATA.
A3: Executive | B3: Issues | C3: Integration | D3: Project | E3: Changes | F3: Crosswalk | G3: Evidence | H3: Sources
A4: Advanced scope tree / relationship ROW counts → primary relationship coverage/status view
A5: Counts are relationship ROWS in MASTER DATA: one row per record-to-WBS target. A relationship split across several WBS targets has one row per target; NO_WBS / NEW_SCOPE / UNSURE rows carry the outcome in the WBS Code column; retired rows (Relationship State RETIRED) are included, as in MASTER DATA -- filter Relationship State to exclude them. Branch = this element and every element beneath it.
A6: Level | B6: WBS | C6: Hierarchy | D6: L1 | E6: L2 | F6: L3 | G6: L4 | H6: Direct relationship rows | I6: Branch relationship rows | J6: Crosswalk
A7: 1 | B7: 1 | C7: 1 HarbourLink Urban Transit Expansion | D7: 1 HarbourLink Urban Transit Expansion | H7: =COUNTIF('MASTER DATA'!$A$2:$A$1627,"=1") | I7: =SUM(H7:H85) | J7: 08 CROSSWALK
A8: 2 | B8: 1.1 | C8: ├─ 1.1 Guideway and Civil | E8: 1.1 Guideway and Civil | H8: =COUNTIF('MASTER DATA'!$A$2:$A$1627,"=1.1") | I8: =SUM(H8:H20) | J8: 08 CROSSWALK
A9: 3 | B9: 1.1.1 | C9: │ ├─ 1.1.1 Guideway and Civil - Guideway Structures | F9: 1.1.1 Guideway and Civil - Guideway Structures | H9: =COUNTIF('MASTER DATA'!$A$2:$A$1627,"=1.1.1") | I9: =SUM(H9:H11) | J9: 08 CROSSWALK
A10: 4 | B10: 1.1.1.1 | C10: │ │ ├─ 1.1.1.1 Guideway Structures - East Segment | G10: 1.1.1.1 Guideway Structures - East Segment | H10: =COUNTIF('MASTER DATA'!$A$2:$A$1627,"=1.1.1.1") | I10: =SUM(H10:H10) | J10: No relationships
A11: 4 | B11: 1.1.1.2 | C11: │ │ └─ 1.1.1.2 Guideway Structures - West Segment | G11: 1.1.1.2 Guideway Structures - West Segment | H11: =COUNTIF('MASTER DATA'!$A$2:$A$1627,"=1.1.1.2") | I11: =SUM(H11:H11) | J11: No relationships
A12: 3 | B12: 1.1.2 | C12: │ ├─ 1.1.2 Guideway and Civil - Utility & Roadworks | F12: 1.1.2 Guideway and Civil - Utility & Roadworks | H12: =COUNTIF('MASTER DATA'!$A$2:$A$1627,"=1.1.2") | I12: =SUM(H12:H14) | J12: 08 CROSSWALK
A13: 4 | B13: 1.1.2.1 | C13: │ │ ├─ 1.1.2.1 Utility & Roadworks - East Segment | G13: 1.1.2.1 Utility & Roadworks - East Segment | H13: =COUNTIF('MASTER DATA'!$A$2:$A$1627,"=1.1.2.1") | I13: =SUM(H13:H13) | J13: No relationships
A14: 4 | B14: 1.1.2.2 | C14: │ │ └─ 1.1.2.2 Utility & Roadworks - West Segment | G14: 1.1.2.2 Utility & Roadworks - West Segment | H14: =COUNTIF('MASTER DATA'!$A$2:$A$1627,"=1.1.2.2") | I14: =SUM(H14:H14) | J14: No relationships
A15: 3 | B15: 1.1.3 | C15: │ ├─ 1.1.3 Guideway and Civil - Track Support Works | F15: 1.1.3 Guideway and Civil - Track Support Works | H15: =COUNTIF('MASTER DATA'!$A$2:$A$1627,"=1.1.3") | I15: =SUM(H15:H17) | J15: No relationships
A16: 4 | B16: 1.1.3.1 | C16: │ │ ├─ 1.1.3.1 Track Support Works - East Segment | G16: 1.1.3.1 Track Support Works - East Segment | H16: =COUNTIF('MASTER DATA'!$A$2:$A$1627,"=1.1.3.1") | I16: =SUM(H16:H16) | J16: No relationships
A17: 4 | B17: 1.1.3.2 | C17: │ │ └─ 1.1.3.2 Track Support Works - West Segment | G17: 1.1.3.2 Track Support Works - West Segment | H17: =COUNTIF('MASTER DATA'!$A$2:$A$1627,"=1.1.3.2") | I17: =SUM(H17:H17) | J17: No relationships
A18: 3 | B18: 1.1.4 | C18: │ └─ 1.1.4 Guideway and Civil - Civil Interfaces | F18: 1.1.4 Guideway and Civil - Civil Interfaces | H18: =COUNTIF('MASTER DATA'!$A$2:$A$1627,"=1.1.4") | I18: =SUM(H18:H20) | J18: No relationships
A19: 4 | B19: 1.1.4.1 | C19: │ ├─ 1.1.4.1 Civil Interfaces - East Segment | G19: 1.1.4.1 Civil Interfaces - East Segment | H19: =COUNTIF('MASTER DATA'!$A$2:$A$1627,"=1.1.4.1") | I19: =SUM(H19:H19) | J19: No relationships
A20: 4 | B20: 1.1.4.2 | C20: │ └─ 1.1.4.2 Civil Interfaces - West Segment | G20: 1.1.4.2 Civil Interfaces - West Segment | H20: =COUNTIF('MASTER DATA'!$A$2:$A$1627,"=1.1.4.2") | I20: =SUM(H20:H20) | J20: No relationships
A21: 2 | B21: 1.2 | C21: ├─ 1.2 Stations | E21: 1.2 Stations | H21: =COUNTIF('MASTER DATA'!$A$2:$A$1627,"=1.2") | I21: =SUM(H21:H33) | J21: 08 CROSSWALK
A22: 3 | B22: 1.2.1 | C22: │ ├─ 1.2.1 Stations - Station Structures | F22: 1.2.1 Stations - Station Structures | H22: =COUNTIF('MASTER DATA'!$A$2:$A$1627,"=1.2.1") | I22: =SUM(H22:H24) | J22: 08 CROSSWALK
A23: 4 | B23: 1.2.1.1 | C23: │ │ ├─ 1.2.1.1 Station Structures - Concourse & Entries | G23: 1.2.1.1 Station Structures - Concourse & Entries | H23: =COUNTIF('MASTER DATA'!$A$2:$A$1627,"=1.2.1.1") | I23: =SUM(H23:H23) | J23: No relationships
A24: 4 | B24: 1.2.1.2 | C24: │ │ └─ 1.2.1.2 Station Structures - Platforms & Back-of-House | G24: 1.2.1.2 Station Structures - Platforms & Back-of-House | H24: =COUNTIF('MASTER DATA'!$A$2:$A$1627,"=1.2.1.2") | I24: =SUM(H24:H24) | J24: No relationships
A25: 3 | B25: 1.2.2 | C25: │ ├─ 1.2.2 Stations - Architectural Fit-Out | F25: 1.2.2 Stations - Architectural Fit-Out | H25: =COUNTIF('MASTER DATA'!$A$2:$A$1627,"=1.2.2") | I25: =SUM(H25:H27) | J25: 08 CROSSWALK
A26: 4 | B26: 1.2.2.1 | C26: │ │ ├─ 1.2.2.1 Architectural Fit-Out - Concourse & Entries | G26: 1.2.2.1 Architectural Fit-Out - Concourse & Entries | H26: =COUNTIF('MASTER DATA'!$A$2:$A$1627,"=1.2.2.1") | I26: =SUM(H26:H26) | J26: No relationships
A27: 4 | B27: 1.2.2.2 | C27: │ │ └─ 1.2.2.2 Architectural Fit-Out - Platforms & Back-of-House | G27: 1.2.2.2 Architectural Fit-Out - Platforms & Back-of-House | H27: =COUNTIF('MASTER DATA'!$A$2:$A$1627,"=1.2.2.2") | I27: =SUM(H27:H27) | J27: No relationships
A28: 3 | B28: 1.2.3 | C28: │ ├─ 1.2.3 Stations - Station Building Services | F28: 1.2.3 Stations - Station Building Services | H28: =COUNTIF('MASTER DATA'!$A$2:$A$1627,"=1.2.3") | I28: =SUM(H28:H30) | J28: No relationships
A29: 4 | B29: 1.2.3.1 | C29: │ │ ├─ 1.2.3.1 Station Building Services - Concourse & Entries | G29: 1.2.3.1 Station Building Services - Concourse & Entries | H29: =COUNTIF('MASTER DATA'!$A$2:$A$1627,"=1.2.3.1") | I29: =SUM(H29:H29) | J29: No relationships
A30: 4 | B30: 1.2.3.2 | C30: │ │ └─ 1.2.3.2 Station Building Services - Platforms & Back-of-House | G30: 1.2.3.2 Station Building Services - Platforms & Back-of-House | H30: =COUNTIF('MASTER DATA'!$A$2:$A$1627,"=1.2.3.2") | I30: =SUM(H30:H30) | J30: No relationships
A31: 3 | B31: 1.2.4 | C31: │ └─ 1.2.4 Stations - Public Realm | F31: 1.2.4 Stations - Public Realm | H31: =COUNTIF('MASTER DATA'!$A$2:$A$1627,"=1.2.4") | I31: =SUM(H31:H33) | J31: No relationships
A32: 4 | B32: 1.2.4.1 | C32: │ ├─ 1.2.4.1 Public Realm - Concourse & Entries | G32: 1.2.4.1 Public Realm - Concourse & Entries | H32: =COUNTIF('MASTER DATA'!$A$2:$A$1627,"=1.2.4.1") | I32: =SUM(H32:H32) | J32: No relationships
A33: 4 | B33: 1.2.4.2 | C33: │ └─ 1.2.4.2 Public Realm - Platforms & Back-of-House | G33: 1.2.4.2 Public Realm - Platforms & Back-of-House | H33: =COUNTIF('MASTER DATA'!$A$2:$A$1627,"=1.2.4.2") | I33: =SUM(H33:H33) | J33: No relationships
A34: 2 | B34: 1.3 | C34: ├─ 1.3 Systems | E34: 1.3 Systems | H34: =COUNTIF('MASTER DATA'!$A$2:$A$1627,"=1.3") | I34: =SUM(H34:H46) | J34: 08 CROSSWALK
A35: 3 | B35: 1.3.1 | C35: │ ├─ 1.3.1 Systems - Traction Power | F35: 1.3.1 Systems - Traction Power | H35: =COUNTIF('MASTER DATA'!$A$2:$A$1627,"=1.3.1") | I35: =SUM(H35:H37) | J35: 08 CROSSWALK
A36: 4 | B36: 1.3.1.1 | C36: │ │ ├─ 1.3.1.1 Traction Power - Wayside | G36: 1.3.1.1 Traction Power - Wayside | H36: =COUNTIF('MASTER DATA'!$A$2:$A$1627,"=1.3.1.1") | I36: =SUM(H36:H36) | J36: No relationships
A37: 4 | B37: 1.3.1.2 | C37: │ │ └─ 1.3.1.2 Traction Power - Control Centre & Stations | G37: 1.3.1.2 Traction Power - Control Centre & Stations | H37: =COUNTIF('MASTER DATA'!$A$2:$A$1627,"=1.3.1.2") | I37: =SUM(H37:H37) | J37: No relationships
A38: 3 | B38: 1.3.2 | C38: │ ├─ 1.3.2 Systems - Signalling & Train Control | F38: 1.3.2 Systems - Signalling & Train Control | H38: =COUNTIF('MASTER DATA'!$A$2:$A$1627,"=1.3.2") | I38: =SUM(H38:H40) | J38: 08 CROSSWALK
A39: 4 | B39: 1.3.2.1 | C39: │ │ ├─ 1.3.2.1 Signalling & Train Control - Wayside | G39: 1.3.2.1 Signalling & Train Control - Wayside | H39: =COUNTIF('MASTER DATA'!$A$2:$A$1627,"=1.3.2.1") | I39: =SUM(H39:H39) | J39: No relationships
A40: 4 | B40: 1.3.2.2 | C40: │ │ └─ 1.3.2.2 Signalling & Train Control - Control Centre & Stations | G40: 1.3.2.2 Signalling & Train Control - Control Centre & Stations | H40: =COUNTIF('MASTER DATA'!$A$2:$A$1627,"=1.3.2.2") | I40: =SUM(H40:H40) | J40: No relationships
A41: 3 | B41: 1.3.3 | C41: │ ├─ 1.3.3 Systems - Communications | F41: 1.3.3 Systems - Communications | H41: =COUNTIF('MASTER DATA'!$A$2:$A$1627,"=1.3.3") | I41: =SUM(H41:H43) | J41: No relationships
A42: 4 | B42: 1.3.3.1 | C42: │ │ ├─ 1.3.3.1 Communications - Wayside | G42: 1.3.3.1 Communications - Wayside | H42: =COUNTIF('MASTER DATA'!$A$2:$A$1627,"=1.3.3.1") | I42: =SUM(H42:H42) | J42: No relationships
A43: 4 | B43: 1.3.3.2 | C43: │ │ └─ 1.3.3.2 Communications - Control Centre & Stations | G43: 1.3.3.2 Communications - Control Centre & Stations | H43: =COUNTIF('MASTER DATA'!$A$2:$A$1627,"=1.3.3.2") | I43: =SUM(H43:H43) | J43: No relationships
A44: 3 | B44: 1.3.4 | C44: │ └─ 1.3.4 Systems - Systems Integration | F44: 1.3.4 Systems - Systems Integration | H44: =COUNTIF('MASTER DATA'!$A$2:$A$1627,"=1.3.4") | I44: =SUM(H44:H46) | J44: No relationships
A45: 4 | B45: 1.3.4.1 | C45: │ ├─ 1.3.4.1 Systems Integration - Wayside | G45: 1.3.4.1 Systems Integration - Wayside | H45: =COUNTIF('MASTER DATA'!$A$2:$A$1627,"=1.3.4.1") | I45: =SUM(H45:H45) | J45: No relationships
A46: 4 | B46: 1.3.4.2 | C46: │ └─ 1.3.4.2 Systems Integration - Control Centre & Stations | G46: 1.3.4.2 Systems Integration - Control Centre & Stations | H46: =COUNTIF('MASTER DATA'!$A$2:$A$1627,"=1.3.4.2") | I46: =SUM(H46:H46) | J46: No relationships
A47: 2 | B47: 1.4 | C47: ├─ 1.4 Vehicles and Depot | E47: 1.4 Vehicles and Depot | H47: =COUNTIF('MASTER DATA'!$A$2:$A$1627,"=1.4") | I47: =SUM(H47:H59) | J47: 08 CROSSWALK
A48: 3 | B48: 1.4.1 | C48: │ ├─ 1.4.1 Vehicles and Depot - Fleet Supply | F48: 1.4.1 Vehicles and Depot - Fleet Supply | H48: =COUNTIF('MASTER DATA'!$A$2:$A$1627,"=1.4.1") | I48: =SUM(H48:H50) | J48: 08 CROSSWALK
A49: 4 | B49: 1.4.1.1 | C49: │ │ ├─ 1.4.1.1 Fleet Supply - Maintenance Facility | G49: 1.4.1.1 Fleet Supply - Maintenance Facility | H49: =COUNTIF('MASTER DATA'!$A$2:$A$1627,"=1.4.1.1") | I49: =SUM(H49:H49) | J49: No relationships
A50: 4 | B50: 1.4.1.2 | C50: │ │ └─ 1.4.1.2 Fleet Supply - Storage & Commissioning Yard | G50: 1.4.1.2 Fleet Supply - Storage & Commissioning Yard | H50: =COUNTIF('MASTER DATA'!$A$2:$A$1627,"=1.4.1.2") | I50: =SUM(H50:H50) | J50: No relationships
A51: 3 | B51: 1.4.2 | C51: │ ├─ 1.4.2 Vehicles and Depot - Depot Buildings | F51: 1.4.2 Vehicles and Depot - Depot Buildings | H51: =COUNTIF('MASTER DATA'!$A$2:$A$1627,"=1.4.2") | I51: =SUM(H51:H53) | J51: 08 CROSSWALK
A52: 4 | B52: 1.4.2.1 | C52: │ │ ├─ 1.4.2.1 Depot Buildings - Maintenance Facility | G52: 1.4.2.1 Depot Buildings - Maintenance Facility | H52: =COUNTIF('MASTER DATA'!$A$2:$A$1627,"=1.4.2.1") | I52: =SUM(H52:H52) | J52: No relationships
A53: 4 | B53: 1.4.2.2 | C53: │ │ └─ 1.4.2.2 Depot Buildings - Storage & Commissioning Yard | G53: 1.4.2.2 Depot Buildings - Storage & Commissioning Yard | H53: =COUNTIF('MASTER DATA'!$A$2:$A$1627,"=1.4.2.2") | I53: =SUM(H53:H53) | J53: No relationships
A54: 3 | B54: 1.4.3 | C54: │ ├─ 1.4.3 Vehicles and Depot - Workshop Equipment | F54: 1.4.3 Vehicles and Depot - Workshop Equipment | H54: =COUNTIF('MASTER DATA'!$A$2:$A$1627,"=1.4.3") | I54: =SUM(H54:H56) | J54: No relationships
A55: 4 | B55: 1.4.3.1 | C55: │ │ ├─ 1.4.3.1 Workshop Equipment - Maintenance Facility | G55: 1.4.3.1 Workshop Equipment - Maintenance Facility | H55: =COUNTIF('MASTER DATA'!$A$2:$A$1627,"=1.4.3.1") | I55: =SUM(H55:H55) | J55: No relationships
A56: 4 | B56: 1.4.3.2 | C56: │ │ └─ 1.4.3.2 Workshop Equipment - Storage & Commissioning Yard | G56: 1.4.3.2 Workshop Equipment - Storage & Commissioning Yard | H56: =COUNTIF('MASTER DATA'!$A$2:$A$1627,"=1.4.3.2") | I56: =SUM(H56:H56) | J56: No relationships
A57: 3 | B57: 1.4.4 | C57: │ └─ 1.4.4 Vehicles and Depot - Vehicle Integration | F57: 1.4.4 Vehicles and Depot - Vehicle Integration | H57: =COUNTIF('MASTER DATA'!$A$2:$A$1627,"=1.4.4") | I57: =SUM(H57:H59) | J57: No relationships
A58: 4 | B58: 1.4.4.1 | C58: │ ├─ 1.4.4.1 Vehicle Integration - Maintenance Facility | G58: 1.4.4.1 Vehicle Integration - Maintenance Facility | H58: =COUNTIF('MASTER DATA'!$A$2:$A$1627,"=1.4.4.1") | I58: =SUM(H58:H58) | J58: No relationships
A59: 4 | B59: 1.4.4.2 | C59: │ └─ 1.4.4.2 Vehicle Integration - Storage & Commissioning Yard | G59: 1.4.4.2 Vehicle Integration - Storage & Commissioning Yard | H59: =COUNTIF('MASTER DATA'!$A$2:$A$1627,"=1.4.4.2") | I59: =SUM(H59:H59) | J59: No relationships
A60: 2 | B60: 1.5 | C60: ├─ 1.5 Testing and Commissioning | E60: 1.5 Testing and Commissioning | H60: =COUNTIF('MASTER DATA'!$A$2:$A$1627,"=1.5") | I60: =SUM(H60:H72) | J60: 08 CROSSWALK
A61: 3 | B61: 1.5.1 | C61: │ ├─ 1.5.1 Testing and Commissioning - Test Readiness | F61: 1.5.1 Testing and Commissioning - Test Readiness | H61: =COUNTIF('MASTER DATA'!$A$2:$A$1627,"=1.5.1") | I61: =SUM(H61:H63) | J61: 08 CROSSWALK
A62: 4 | B62: 1.5.1.1 | C62: │ │ ├─ 1.5.1.1 Test Readiness - Mainline | G62: 1.5.1.1 Test Readiness - Mainline | H62: =COUNTIF('MASTER DATA'!$A$2:$A$1627,"=1.5.1.1") | I62: =SUM(H62:H62) | J62: No relationships
A63: 4 | B63: 1.5.1.2 | C63: │ │ └─ 1.5.1.2 Test Readiness - Depot & Stations | G63: 1.5.1.2 Test Readiness - Depot & Stations | H63: =COUNTIF('MASTER DATA'!$A$2:$A$1627,"=1.5.1.2") | I63: =SUM(H63:H63) | J63: No relationships
A64: 3 | B64: 1.5.2 | C64: │ ├─ 1.5.2 Testing and Commissioning - Dynamic Testing | F64: 1.5.2 Testing and Commissioning - Dynamic Testing | H64: =COUNTIF('MASTER DATA'!$A$2:$A$1627,"=1.5.2") | I64: =SUM(H64:H66) | J64: 08 CROSSWALK
A65: 4 | B65: 1.5.2.1 | C65: │ │ ├─ 1.5.2.1 Dynamic Testing - Mainline | G65: 1.5.2.1 Dynamic Testing - Mainline | H65: =COUNTIF('MASTER DATA'!$A$2:$A$1627,"=1.5.2.1") | I65: =SUM(H65:H65) | J65: No relationships
A66: 4 | B66: 1.5.2.2 | C66: │ │ └─ 1.5.2.2 Dynamic Testing - Depot & Stations | G66: 1.5.2.2 Dynamic Testing - Depot & Stations | H66: =COUNTIF('MASTER DATA'!$A$2:$A$1627,"=1.5.2.2") | I66: =SUM(H66:H66) | J66: No relationships
A67: 3 | B67: 1.5.3 | C67: │ ├─ 1.5.3 Testing and Commissioning - Safety Certification | F67: 1.5.3 Testing and Commissioning - Safety Certification | H67: =COUNTIF('MASTER DATA'!$A$2:$A$1627,"=1.5.3") | I67: =SUM(H67:H69) | J67: No relationships
A68: 4 | B68: 1.5.3.1 | C68: │ │ ├─ 1.5.3.1 Safety Certification - Mainline | G68: 1.5.3.1 Safety Certification - Mainline | H68: =COUNTIF('MASTER DATA'!$A$2:$A$1627,"=1.5.3.1") | I68: =SUM(H68:H68) | J68: No relationships
A69: 4 | B69: 1.5.3.2 | C69: │ │ └─ 1.5.3.2 Safety Certification - Depot & Stations | G69: 1.5.3.2 Safety Certification - Depot & Stations | H69: =COUNTIF('MASTER DATA'!$A$2:$A$1627,"=1.5.3.2") | I69: =SUM(H69:H69) | J69: No relationships
A70: 3 | B70: 1.5.4 | C70: │ └─ 1.5.4 Testing and Commissioning - Service Readiness | F70: 1.5.4 Testing and Commissioning - Service Readiness | H70: =COUNTIF('MASTER DATA'!$A$2:$A$1627,"=1.5.4") | I70: =SUM(H70:H72) | J70: No relationships
A71: 4 | B71: 1.5.4.1 | C71: │ ├─ 1.5.4.1 Service Readiness - Mainline | G71: 1.5.4.1 Service Readiness - Mainline | H71: =COUNTIF('MASTER DATA'!$A$2:$A$1627,"=1.5.4.1") | I71: =SUM(H71:H71) | J71: No relationships
A72: 4 | B72: 1.5.4.2 | C72: │ └─ 1.5.4.2 Service Readiness - Depot & Stations | G72: 1.5.4.2 Service Readiness - Depot & Stations | H72: =COUNTIF('MASTER DATA'!$A$2:$A$1627,"=1.5.4.2") | I72: =SUM(H72:H72) | J72: No relationships
A73: 2 | B73: 1.6 | C73: └─ 1.6 Program Management | E73: 1.6 Program Management | H73: =COUNTIF('MASTER DATA'!$A$2:$A$1627,"=1.6") | I73: =SUM(H73:H85) | J73: 08 CROSSWALK
A74: 3 | B74: 1.6.1 | C74: ├─ 1.6.1 Program Management - Program Controls | F74: 1.6.1 Program Management - Program Controls | H74: =COUNTIF('MASTER DATA'!$A$2:$A$1627,"=1.6.1") | I74: =SUM(H74:H76) | J74: 08 CROSSWALK
A75: 4 | B75: 1.6.1.1 | C75: │ ├─ 1.6.1.1 Program Controls - Owner Team | G75: 1.6.1.1 Program Controls - Owner Team | H75: =COUNTIF('MASTER DATA'!$A$2:$A$1627,"=1.6.1.1") | I75: =SUM(H75:H75) | J75: No relationships
A76: 4 | B76: 1.6.1.2 | C76: │ └─ 1.6.1.2 Program Controls - Delivery Partners | G76: 1.6.1.2 Program Controls - Delivery Partners | H76: =COUNTIF('MASTER DATA'!$A$2:$A$1627,"=1.6.1.2") | I76: =SUM(H76:H76) | J76: No relationships
A77: 3 | B77: 1.6.2 | C77: ├─ 1.6.2 Program Management - Commercial & Procurement | F77: 1.6.2 Program Management - Commercial & Procurement | H77: =COUNTIF('MASTER DATA'!$A$2:$A$1627,"=1.6.2") | I77: =SUM(H77:H79) | J77: 08 CROSSWALK
A78: 4 | B78: 1.6.2.1 | C78: │ ├─ 1.6.2.1 Commercial & Procurement - Owner Team | G78: 1.6.2.1 Commercial & Procurement - Owner Team | H78: =COUNTIF('MASTER DATA'!$A$2:$A$1627,"=1.6.2.1") | I78: =SUM(H78:H78) | J78: No relationships
A79: 4 | B79: 1.6.2.2 | C79: │ └─ 1.6.2.2 Commercial & Procurement - Delivery Partners | G79: 1.6.2.2 Commercial & Procurement - Delivery Partners | H79: =COUNTIF('MASTER DATA'!$A$2:$A$1627,"=1.6.2.2") | I79: =SUM(H79:H79) | J79: No relationships
A80: 3 | B80: 1.6.3 | C80: ├─ 1.6.3 Program Management - Stakeholder & Permits | F80: 1.6.3 Program Management - Stakeholder & Permits | H80: =COUNTIF('MASTER DATA'!$A$2:$A$1627,"=1.6.3") | I80: =SUM(H80:H82) | J80: No relationships
A81: 4 | B81: 1.6.3.1 | C81: │ ├─ 1.6.3.1 Stakeholder & Permits - Owner Team | G81: 1.6.3.1 Stakeholder & Permits - Owner Team | H81: =COUNTIF('MASTER DATA'!$A$2:$A$1627,"=1.6.3.1") | I81: =SUM(H81:H81) | J81: No relationships
A82: 4 | B82: 1.6.3.2 | C82: │ └─ 1.6.3.2 Stakeholder & Permits - Delivery Partners | G82: 1.6.3.2 Stakeholder & Permits - Delivery Partners | H82: =COUNTIF('MASTER DATA'!$A$2:$A$1627,"=1.6.3.2") | I82: =SUM(H82:H82) | J82: No relationships
A83: 3 | B83: 1.6.4 | C83: └─ 1.6.4 Program Management - Delivery Integration | F83: 1.6.4 Program Management - Delivery Integration | H83: =COUNTIF('MASTER DATA'!$A$2:$A$1627,"=1.6.4") | I83: =SUM(H83:H85) | J83: No relationships
A84: 4 | B84: 1.6.4.1 | C84: ├─ 1.6.4.1 Delivery Integration - Owner Team | G84: 1.6.4.1 Delivery Integration - Owner Team | H84: =COUNTIF('MASTER DATA'!$A$2:$A$1627,"=1.6.4.1") | I84: =SUM(H84:H84) | J84: No relationships
A85: 4 | B85: 1.6.4.2 | C85: └─ 1.6.4.2 Delivery Integration - Delivery Partners | G85: 1.6.4.2 Delivery Integration - Delivery Partners | H85: =COUNTIF('MASTER DATA'!$A$2:$A$1627,"=1.6.4.2") | I85: =SUM(H85:H85) | J85: No relationships
A87: Not attached to an element of this WBS (unresolved outcome or retired)
B88: NEW_SCOPE | H88: =COUNTIF('MASTER DATA'!$A$2:$A$1627,"=NEW_SCOPE")
B89: NO_WBS | H89: =COUNTIF('MASTER DATA'!$A$2:$A$1627,"=NO_WBS")
B90: UNSURE | H90: =COUNTIF('MASTER DATA'!$A$2:$A$1627,"=UNSURE")
A92: Total relationship rows (MASTER DATA) | H92: =COUNTA('MASTER DATA'!$O$2:$O$1627)
A93: Check: elements + not attached = total | H93: =IF(SUM(H7:H85)+SUM(H88:H90)=COUNTA('MASTER DATA'!$O$2:$O$1627),"reconciled","DOES NOT RECONCILE")

Sheet 15 ANALYSIS
A1: ANALYSIS
A2: Governed dimensions cross-tabulated from MASTER DATA. Native Excel formulas: they recalculate from the record-level rows and check themselves against the total.
A3: Executive | B3: Issues | C3: Integration | D3: Project | E3: Changes | F3: Crosswalk | G3: Evidence | H3: Sources
A5: Counts are relationship ROWS in MASTER DATA: one row per record-to-WBS target. A relationship split across several WBS targets has one row per target; NO_WBS / NEW_SCOPE / UNSURE rows carry the outcome in the WBS Code column; retired rows (Relationship State RETIRED) are included, as in MASTER DATA -- filter Relationship State to exclude them.
A7: Relationship state × basis of authority
A8: Who or what established each relationship row: professional decision, carried-forward decision, source assignment, approved project rule, or WBS↔LINK (not individually reviewed).
A9: Relationship State | B9: Professional decision | C9: Earlier professional decision, carried forward | D9: Source assignment -- not individually reviewed | E9: Retired -- no longer reported | F9: Total | G9: Inspect
A10: APPROVED | B10: =COUNTIFS('MASTER DATA'!$G$2:$G$1627,"=APPROVED",'MASTER DATA'!$I$2:$I$1627,"=Professional decision") | C10: =COUNTIFS('MASTER DATA'!$G$2:$G$1627,"=APPROVED",'MASTER DATA'!$I$2:$I$1627,"=Earlier professional decision, carried forward") | D10: =COUNTIFS('MASTER DATA'!$G$2:$G$1627,"=APPROVED",'MASTER DATA'!$I$2:$I$1627,"=Source assignment -- not individually reviewed") | E10: =COUNTIFS('MASTER DATA'!$G$2:$G$1627,"=APPROVED",'MASTER DATA'!$I$2:$I$1627,"=Retired -- no longer reported") | F10: =SUM(B10:E10) | G10: 08 CROSSWALK
A11: RETAINED | B11: =COUNTIFS('MASTER DATA'!$G$2:$G$1627,"=RETAINED",'MASTER DATA'!$I$2:$I$1627,"=Professional decision") | C11: =COUNTIFS('MASTER DATA'!$G$2:$G$1627,"=RETAINED",'MASTER DATA'!$I$2:$I$1627,"=Earlier professional decision, carried forward") | D11: =COUNTIFS('MASTER DATA'!$G$2:$G$1627,"=RETAINED",'MASTER DATA'!$I$2:$I$1627,"=Source assignment -- not individually reviewed") | E11: =COUNTIFS('MASTER DATA'!$G$2:$G$1627,"=RETAINED",'MASTER DATA'!$I$2:$I$1627,"=Retired -- no longer reported") | F11: =SUM(B11:E11) | G11: 08 CROSSWALK
A12: RETIRED | B12: =COUNTIFS('MASTER DATA'!$G$2:$G$1627,"=RETIRED",'MASTER DATA'!$I$2:$I$1627,"=Professional decision") | C12: =COUNTIFS('MASTER DATA'!$G$2:$G$1627,"=RETIRED",'MASTER DATA'!$I$2:$I$1627,"=Earlier professional decision, carried forward") | D12: =COUNTIFS('MASTER DATA'!$G$2:$G$1627,"=RETIRED",'MASTER DATA'!$I$2:$I$1627,"=Source assignment -- not individually reviewed") | E12: =COUNTIFS('MASTER DATA'!$G$2:$G$1627,"=RETIRED",'MASTER DATA'!$I$2:$I$1627,"=Retired -- no longer reported") | F12: =SUM(B12:E12) | G12: 08 CROSSWALK
A13: REVALIDATED | B13: =COUNTIFS('MASTER DATA'!$G$2:$G$1627,"=REVALIDATED",'MASTER DATA'!$I$2:$I$1627,"=Professional decision") | C13: =COUNTIFS('MASTER DATA'!$G$2:$G$1627,"=REVALIDATED",'MASTER DATA'!$I$2:$I$1627,"=Earlier professional decision, carried forward") | D13: =COUNTIFS('MASTER DATA'!$G$2:$G$1627,"=REVALIDATED",'MASTER DATA'!$I$2:$I$1627,"=Source assignment -- not individually reviewed") | E13: =COUNTIFS('MASTER DATA'!$G$2:$G$1627,"=REVALIDATED",'MASTER DATA'!$I$2:$I$1627,"=Retired -- no longer reported") | F13: =SUM(B13:E13) | G13: 08 CROSSWALK
A14: Total | B14: =SUM(B10:B13) | C14: =SUM(C10:C13) | D14: =SUM(D10:D13) | E14: =SUM(E10:E13) | F14: =SUM(F10:F13)
A15: Check: total equals MASTER DATA rows | B15: =IF(F14=COUNTA('MASTER DATA'!$O$2:$O$1627),"reconciled","DOES NOT RECONCILE")
A17: Reporting period · revision × change since the previous approved version
A18: Which source revision each relationship row rests on, and whether it was carried forward, revalidated, decided again, new or retired.
A19: Source Document · Reporting Period · Revision | B19: Carried forward | C19: Re-keyed, revalidated | D19: Changed, re-decided | E19: New | F19: Retired | G19: Total | H19: Inspect
A20: Commercial Package Register · Commercial Package Register Cycle 2 · Rev 1 | B20: =COUNTIFS('MASTER DATA'!$C$2:$C$1627,"=Commercial Package Register",'MASTER DATA'!$M$2:$M$1627,"=Commercial Package Register Cycle 2",'MASTER DATA'!$N$2:$N$1627,"=Rev 1",'MASTER DATA'!$H$2:$H$1627,"=Carried forward") | C20: =COUNTIFS('MASTER DATA'!$C$2:$C$1627,"=Commercial Package Register",'MASTER DATA'!$M$2:$M$1627,"=Commercial Package Register Cycle 2",'MASTER DATA'!$N$2:$N$1627,"=Rev 1",'MASTER DATA'!$H$2:$H$1627,"=Re-keyed, revalidated") | D20: =COUNTIFS('MASTER DATA'!$C$2:$C$1627,"=Commercial Package Register",'MASTER DATA'!$M$2:$M$1627,"=Commercial Package Register Cycle 2",'MASTER DATA'!$N$2:$N$1627,"=Rev 1",'MASTER DATA'!$H$2:$H$1627,"=Changed, re-decided") | E20: =COUNTIFS('MASTER DATA'!$C$2:$C$1627,"=Commercial Package Register",'MASTER DATA'!$M$2:$M$1627,"=Commercial Package Register Cycle 2",'MASTER DATA'!$N$2:$N$1627,"=Rev 1",'MASTER DATA'!$H$2:$H$1627,"=New") | F20: =COUNTIFS('MASTER DATA'!$C$2:$C$1627,"=Commercial Package Register",'MASTER DATA'!$M$2:$M$1627,"=Commercial Package Register Cycle 2",'MASTER DATA'!$N$2:$N$1627,"=Rev 1",'MASTER DATA'!$H$2:$H$1627,"=Retired") | G20: =SUM(B20:F20) | H20: 08 CROSSWALK
A21: Commercial Package Register · Initial · Rev 0 | B21: =COUNTIFS('MASTER DATA'!$C$2:$C$1627,"=Commercial Package Register",'MASTER DATA'!$M$2:$M$1627,"=Initial",'MASTER DATA'!$N$2:$N$1627,"=Rev 0",'MASTER DATA'!$H$2:$H$1627,"=Carried forward") | C21: =COUNTIFS('MASTER DATA'!$C$2:$C$1627,"=Commercial Package Register",'MASTER DATA'!$M$2:$M$1627,"=Initial",'MASTER DATA'!$N$2:$N$1627,"=Rev 0",'MASTER DATA'!$H$2:$H$1627,"=Re-keyed, revalidated") | D21: =COUNTIFS('MASTER DATA'!$C$2:$C$1627,"=Commercial Package Register",'MASTER DATA'!$M$2:$M$1627,"=Initial",'MASTER DATA'!$N$2:$N$1627,"=Rev 0",'MASTER DATA'!$H$2:$H$1627,"=Changed, re-decided") | E21: =COUNTIFS('MASTER DATA'!$C$2:$C$1627,"=Commercial Package Register",'MASTER DATA'!$M$2:$M$1627,"=Initial",'MASTER DATA'!$N$2:$N$1627,"=Rev 0",'MASTER DATA'!$H$2:$H$1627,"=New") | F21: =COUNTIFS('MASTER DATA'!$C$2:$C$1627,"=Commercial Package Register",'MASTER DATA'!$M$2:$M$1627,"=Initial",'MASTER DATA'!$N$2:$N$1627,"=Rev 0",'MASTER DATA'!$H$2:$H$1627,"=Retired") | G21: =SUM(B21:F21) | H21: 08 CROSSWALK
A22: Contractor Programme · Contractor Programme Cycle 2 · Rev 1 | B22: =COUNTIFS('MASTER DATA'!$C$2:$C$1627,"=Contractor Programme",'MASTER DATA'!$M$2:$M$1627,"=Contractor Programme Cycle 2",'MASTER DATA'!$N$2:$N$1627,"=Rev 1",'MASTER DATA'!$H$2:$H$1627,"=Carried forward") | C22: =COUNTIFS('MASTER DATA'!$C$2:$C$1627,"=Contractor Programme",'MASTER DATA'!$M$2:$M$1627,"=Contractor Programme Cycle 2",'MASTER DATA'!$N$2:$N$1627,"=Rev 1",'MASTER DATA'!$H$2:$H$1627,"=Re-keyed, revalidated") | D22: =COUNTIFS('MASTER DATA'!$C$2:$C$1627,"=Contractor Programme",'MASTER DATA'!$M$2:$M$1627,"=Contractor Programme Cycle 2",'MASTER DATA'!$N$2:$N$1627,"=Rev 1",'MASTER DATA'!$H$2:$H$1627,"=Changed, re-decided") | E22: =COUNTIFS('MASTER DATA'!$C$2:$C$1627,"=Contractor Programme",'MASTER DATA'!$M$2:$M$1627,"=Contractor Programme Cycle 2",'MASTER DATA'!$N$2:$N$1627,"=Rev 1",'MASTER DATA'!$H$2:$H$1627,"=New") | F22: =COUNTIFS('MASTER DATA'!$C$2:$C$1627,"=Contractor Programme",'MASTER DATA'!$M$2:$M$1627,"=Contractor Programme Cycle 2",'MASTER DATA'!$N$2:$N$1627,"=Rev 1",'MASTER DATA'!$H$2:$H$1627,"=Retired") | G22: =SUM(B22:F22) | H22: 08 CROSSWALK
A23: Contractor Programme · Initial · Rev 0 | B23: =COUNTIFS('MASTER DATA'!$C$2:$C$1627,"=Contractor Programme",'MASTER DATA'!$M$2:$M$1627,"=Initial",'MASTER DATA'!$N$2:$N$1627,"=Rev 0",'MASTER DATA'!$H$2:$H$1627,"=Carried forward") | C23: =COUNTIFS('MASTER DATA'!$C$2:$C$1627,"=Contractor Programme",'MASTER DATA'!$M$2:$M$1627,"=Initial",'MASTER DATA'!$N$2:$N$1627,"=Rev 0",'MASTER DATA'!$H$2:$H$1627,"=Re-keyed, revalidated") | D23: =COUNTIFS('MASTER DATA'!$C$2:$C$1627,"=Contractor Programme",'MASTER DATA'!$M$2:$M$1627,"=Initial",'MASTER DATA'!$N$2:$N$1627,"=Rev 0",'MASTER DATA'!$H$2:$H$1627,"=Changed, re-decided") | E23: =COUNTIFS('MASTER DATA'!$C$2:$C$1627,"=Contractor Programme",'MASTER DATA'!$M$2:$M$1627,"=Initial",'MASTER DATA'!$N$2:$N$1627,"=Rev 0",'MASTER DATA'!$H$2:$H$1627,"=New") | F23: =COUNTIFS('MASTER DATA'!$C$2:$C$1627,"=Contractor Programme",'MASTER DATA'!$M$2:$M$1627,"=Initial",'MASTER DATA'!$N$2:$N$1627,"=Rev 0",'MASTER DATA'!$H$2:$H$1627,"=Retired") | G23: =SUM(B23:F23) | H23: 08 CROSSWALK
A24: Cost & Forecast Control Accounts · Cost & Forecast Control Accounts Cycle 2 · Rev 1 | B24: =COUNTIFS('MASTER DATA'!$C$2:$C$1627,"=Cost & Forecast Control Accounts",'MASTER DATA'!$M$2:$M$1627,"=Cost & Forecast Control Accounts Cycle 2",'MASTER DATA'!$N$2:$N$1627,"=Rev 1",'MASTER DATA'!$H$2:$H$1627,"=Carried forward") | C24: =COUNTIFS('MASTER DATA'!$C$2:$C$1627,"=Cost & Forecast Control Accounts",'MASTER DATA'!$M$2:$M$1627,"=Cost & Forecast Control Accounts Cycle 2",'MASTER DATA'!$N$2:$N$1627,"=Rev 1",'MASTER DATA'!$H$2:$H$1627,"=Re-keyed, revalidated") | D24: =COUNTIFS('MASTER DATA'!$C$2:$C$1627,"=Cost & Forecast Control Accounts",'MASTER DATA'!$M$2:$M$1627,"=Cost & Forecast Control Accounts Cycle 2",'MASTER DATA'!$N$2:$N$1627,"=Rev 1",'MASTER DATA'!$H$2:$H$1627,"=Changed, re-decided") | E24: =COUNTIFS('MASTER DATA'!$C$2:$C$1627,"=Cost & Forecast Control Accounts",'MASTER DATA'!$M$2:$M$1627,"=Cost & Forecast Control Accounts Cycle 2",'MASTER DATA'!$N$2:$N$1627,"=Rev 1",'MASTER DATA'!$H$2:$H$1627,"=New") | F24: =COUNTIFS('MASTER DATA'!$C$2:$C$1627,"=Cost & Forecast Control Accounts",'MASTER DATA'!$M$2:$M$1627,"=Cost & Forecast Control Accounts Cycle 2",'MASTER DATA'!$N$2:$N$1627,"=Rev 1",'MASTER DATA'!$H$2:$H$1627,"=Retired") | G24: =SUM(B24:F24) | H24: 08 CROSSWALK
A25: Cost & Forecast Control Accounts · Initial · Rev 0 | B25: =COUNTIFS('MASTER DATA'!$C$2:$C$1627,"=Cost & Forecast Control Accounts",'MASTER DATA'!$M$2:$M$1627,"=Initial",'MASTER DATA'!$N$2:$N$1627,"=Rev 0",'MASTER DATA'!$H$2:$H$1627,"=Carried forward") | C25: =COUNTIFS('MASTER DATA'!$C$2:$C$1627,"=Cost & Forecast Control Accounts",'MASTER DATA'!$M$2:$M$1627,"=Initial",'MASTER DATA'!$N$2:$N$1627,"=Rev 0",'MASTER DATA'!$H$2:$H$1627,"=Re-keyed, revalidated") | D25: =COUNTIFS('MASTER DATA'!$C$2:$C$1627,"=Cost & Forecast Control Accounts",'MASTER DATA'!$M$2:$M$1627,"=Initial",'MASTER DATA'!$N$2:$N$1627,"=Rev 0",'MASTER DATA'!$H$2:$H$1627,"=Changed, re-decided") | E25: =COUNTIFS('MASTER DATA'!$C$2:$C$1627,"=Cost & Forecast Control Accounts",'MASTER DATA'!$M$2:$M$1627,"=Initial",'MASTER DATA'!$N$2:$N$1627,"=Rev 0",'MASTER DATA'!$H$2:$H$1627,"=New") | F25: =COUNTIFS('MASTER DATA'!$C$2:$C$1627,"=Cost & Forecast Control Accounts",'MASTER DATA'!$M$2:$M$1627,"=Initial",'MASTER DATA'!$N$2:$N$1627,"=Rev 0",'MASTER DATA'!$H$2:$H$1627,"=Retired") | G25: =SUM(B25:F25) | H25: 08 CROSSWALK
A26: Total | B26: =SUM(B20:B25) | C26: =SUM(C20:C25) | D26: =SUM(D20:D25) | E26: =SUM(E20:E25) | F26: =SUM(F20:F25) | G26: =SUM(G20:G25)
A27: Check: total equals MASTER DATA rows | B27: =IF(G26=COUNTA('MASTER DATA'!$O$2:$O$1627),"reconciled","DOES NOT RECONCILE")
A29: Relationship type × relationship state
A30: Includes unresolved outcomes (NO_WBS, NEW_SCOPE, UNSURE) as their own types: uncertainty is counted, never hidden.
A31: Relationship Type | B31: APPROVED | C31: RETAINED | D31: RETIRED | E31: REVALIDATED | F31: Total | G31: Inspect
A32: NEW_SCOPE | B32: =COUNTIFS('MASTER DATA'!$F$2:$F$1627,"=NEW_SCOPE",'MASTER DATA'!$G$2:$G$1627,"=APPROVED") | C32: =COUNTIFS('MASTER DATA'!$F$2:$F$1627,"=NEW_SCOPE",'MASTER DATA'!$G$2:$G$1627,"=RETAINED") | D32: =COUNTIFS('MASTER DATA'!$F$2:$F$1627,"=NEW_SCOPE",'MASTER DATA'!$G$2:$G$1627,"=RETIRED") | E32: =COUNTIFS('MASTER DATA'!$F$2:$F$1627,"=NEW_SCOPE",'MASTER DATA'!$G$2:$G$1627,"=REVALIDATED") | F32: =SUM(B32:E32) | G32: 08 CROSSWALK
A33: NO_WBS | B33: =COUNTIFS('MASTER DATA'!$F$2:$F$1627,"=NO_WBS",'MASTER DATA'!$G$2:$G$1627,"=APPROVED") | C33: =COUNTIFS('MASTER DATA'!$F$2:$F$1627,"=NO_WBS",'MASTER DATA'!$G$2:$G$1627,"=RETAINED") | D33: =COUNTIFS('MASTER DATA'!$F$2:$F$1627,"=NO_WBS",'MASTER DATA'!$G$2:$G$1627,"=RETIRED") | E33: =COUNTIFS('MASTER DATA'!$F$2:$F$1627,"=NO_WBS",'MASTER DATA'!$G$2:$G$1627,"=REVALIDATED") | F33: =SUM(B33:E33) | G33: 08 CROSSWALK
A34: ONE_TO_MANY | B34: =COUNTIFS('MASTER DATA'!$F$2:$F$1627,"=ONE_TO_MANY",'MASTER DATA'!$G$2:$G$1627,"=APPROVED") | C34: =COUNTIFS('MASTER DATA'!$F$2:$F$1627,"=ONE_TO_MANY",'MASTER DATA'!$G$2:$G$1627,"=RETAINED") | D34: =COUNTIFS('MASTER DATA'!$F$2:$F$1627,"=ONE_TO_MANY",'MASTER DATA'!$G$2:$G$1627,"=RETIRED") | E34: =COUNTIFS('MASTER DATA'!$F$2:$F$1627,"=ONE_TO_MANY",'MASTER DATA'!$G$2:$G$1627,"=REVALIDATED") | F34: =SUM(B34:E34) | G34: 08 CROSSWALK
A35: ONE_TO_ONE | B35: =COUNTIFS('MASTER DATA'!$F$2:$F$1627,"=ONE_TO_ONE",'MASTER DATA'!$G$2:$G$1627,"=APPROVED") | C35: =COUNTIFS('MASTER DATA'!$F$2:$F$1627,"=ONE_TO_ONE",'MASTER DATA'!$G$2:$G$1627,"=RETAINED") | D35: =COUNTIFS('MASTER DATA'!$F$2:$F$1627,"=ONE_TO_ONE",'MASTER DATA'!$G$2:$G$1627,"=RETIRED") | E35: =COUNTIFS('MASTER DATA'!$F$2:$F$1627,"=ONE_TO_ONE",'MASTER DATA'!$G$2:$G$1627,"=REVALIDATED") | F35: =SUM(B35:E35) | G35: 08 CROSSWALK
A36: UNSURE | B36: =COUNTIFS('MASTER DATA'!$F$2:$F$1627,"=UNSURE",'MASTER DATA'!$G$2:$G$1627,"=APPROVED") | C36: =COUNTIFS('MASTER DATA'!$F$2:$F$1627,"=UNSURE",'MASTER DATA'!$G$2:$G$1627,"=RETAINED") | D36: =COUNTIFS('MASTER DATA'!$F$2:$F$1627,"=UNSURE",'MASTER DATA'!$G$2:$G$1627,"=RETIRED") | E36: =COUNTIFS('MASTER DATA'!$F$2:$F$1627,"=UNSURE",'MASTER DATA'!$G$2:$G$1627,"=REVALIDATED") | F36: =SUM(B36:E36) | G36: 08 CROSSWALK
A37: Total | B37: =SUM(B32:B36) | C37: =SUM(C32:C36) | D37: =SUM(D32:D36) | E37: =SUM(E32:E36) | F37: =SUM(F32:F36)
A38: Check: total equals MASTER DATA rows | B38: =IF(F37=COUNTA('MASTER DATA'!$O$2:$O$1627),"reconciled","DOES NOT RECONCILE")
A40: About PivotTables and slicers: this workbook does not contain generated PivotTables or slicers. The library WBS↔LINK writes workbooks with cannot author a PivotTable cache or slicer reliably, and a simulated or fragile PivotTable would misrepresent the governed data. The tables above are native Excel formula cross-tabs that recalculate from MASTER DATA. To build your own PivotTable: Insert > PivotTable, Table/Range = WBSLINK_GOVERNED_RECORDS (every MASTER DATA column, one row per record-to-WBS relationship row).

Sheet MASTER DATA
A1: WBS Code | B1: WBS Name | C1: Source Document | D1: Source Record ID | E1: Description | F1: Relationship Type | G1: Relationship State | H1: Change vs Previous Version | I1: Basis | J1: Decided By | K1: Proposed By | L1: Allocation | M1: Reporting Period | N1: Revision | O1: Relationship ID | P1: Target Status | Q1: Evidence Note | R1: Recommended WBS (not approved) | S1: Ancestor Status | T1: Decision Scope | U1: Reopen Reason | V1: Source Assertion | W1: Contrary Source Evidence
A2: 1.1 | B2: Guideway and Civil | C2: Commercial Package Register | D2: PKG-001 | E2: Guideway Civil Works | F2: ONE_TO_MANY | G2: RETAINED | H2: Carried forward | I2: Earlier professional decision, carried forward | J2: Maya Chen, Owner Project Controls | K2: Professional | L2: Split -- basis to be confirmed | M2: Commercial Package Register Cycle 2 | N2: Rev 1 | O2: R1563-v3 | T2: Individual, carried forward | V2: Package Code = PK-101; WBS Code = 1.1;1.2 | W2: Source states 'WBS Code' = '1.1;1.2' -- names no element of this WBS -- professional reason (Maya Chen, Owner Project Controls): Source package register explicitly states both Owner-WBS branches.
A3: 1.1 | B3: Guideway and Civil | C3: Commercial Package Register | D3: PKG-002 | E3: Utility Relocations | F3: ONE_TO_ONE | G3: RETAINED | H3: Carried forward | I3: Source assignment -- not individually reviewed | K3: Source assignment | M3: Commercial Package Register Cycle 2 | N3: Rev 1 | O3: R1564-v2 | V3: Package Code = PK-102; WBS Code = 1.1
A4: 1.1 | B4: Guideway and Civil | C4: Commercial Package Register | D4: PKG-003 | E4: Road & Drainage | F4: ONE_TO_ONE | G4: RETAINED | H4: Carried forward | I4: Source assignment -- not individually reviewed | K4: Source assignment | M4: Commercial Package Register Cycle 2 | N4: Rev 1 | O4: R1565-v2 | V4: Package Code = PK-103; WBS Code = 1.1
A5: 1.1 | B5: Guideway and Civil | C5: Commercial Package Register | D5: PKG-004 | E5: Track Support Works | F5: ONE_TO_ONE | G5: RETAINED | H5: Carried forward | I5: Source assignment -- not individually reviewed | K5: Source assignment | M5: Commercial Package Register Cycle 2 | N5: Rev 1 | O5: R1566-v2 | V5: Package Code = PK-104; WBS Code = 1.1
A6: 1.1 | B6: Guideway and Civil | C6: Commercial Package Register | D6: PKG-006 | E6: Utility Relocations - Lot 2 | F6: ONE_TO_ONE | G6: RETAINED | H6: Carried forward | I6: Source assignment -- not individually reviewed | K6: Source assignment | M6: Commercial Package Register Cycle 2 | N6: Rev 1 | O6: R1568-v2 | V6: Package Code = PK-106; WBS Code = 1.1
A7: 1.1 | B7: Guideway and Civil | C7: Commercial Package Register | D7: PKG-007 | E7: Road & Drainage - Lot 2 | F7: ONE_TO_ONE | G7: RETAINED | H7: Carried forward | I7: Source assignment -- not individually reviewed | K7: Source assignment | M7: Commercial Package Register Cycle 2 | N7: Rev 1 | O7: R1569-v2 | V7: Package Code = PK-107; WBS Code = 1.1
A8: 1.1 | B8: Guideway and Civil | C8: Commercial Package Register | D8: PKG-008 | E8: Track Support Works - Lot 2 | F8: ONE_TO_ONE | G8: RETAINED | H8: Carried forward | I8: Source assignment -- not individually reviewed | K8: Source assignment | M8: Commercial Package Register Cycle 2 | N8: Rev 1 | O8: R1570-v2 | V8: Package Code = PK-108; WBS Code = 1.1
A9: 1.1 | B9: Guideway and Civil | C9: Commercial Package Register | D9: PKG-009 | E9: Guideway Civil Works - Lot 3 | F9: ONE_TO_ONE | G9: RETAINED | H9: Carried forward | I9: Source assignment -- not individually reviewed | K9: Source assignment | M9: Commercial Package Register Cycle 2 | N9: Rev 1 | O9: R1571-v2 | V9: Package Code = PK-109; WBS Code = 1.1
A10: 1.1 | B10: Guideway and Civil | C10: Commercial Package Register | D10: PKG-010 | E10: Utility Relocations - Lot 3 | F10: ONE_TO_ONE | G10: RETAINED | H10: Carried forward | I10: Source assignment -- not individually reviewed | K10: Source assignment | M10: Commercial Package Register Cycle 2 | N10: Rev 1 | O10: R1572-v2 | V10: Package Code = PK-110; WBS Code = 1.1
A11: 1.1.1 | B11: Guideway and Civil - Guideway Structures | C11: Contractor Programme | D11: SCH-01-001 | E11: West approach: track-slab survey - installation | F11: ONE_TO_ONE | G11: RETAINED | H11: Carried forward | I11: Source assignment -- not individually reviewed | K11: Source assignment | M11: Contractor Programme Cycle 2 | N11: Rev 1 | O11: R1-v2 | V11: WBS Code = 1.1.1
A12: 1.1.1 | B12: Guideway and Civil - Guideway Structures | C12: Contractor Programme | D12: SCH-01-002 | E12: Depot lead: temporary traffic staging - inspection | F12: ONE_TO_ONE | G12: RETAINED | H12: Carried forward | I12: Source assignment -- not individually reviewed | K12: Source assignment | M12: Contractor Programme Cycle 2 | N12: Rev 1 | O12: R2-v2 | V12: WBS Code = 1.1.1
A13: 1.1.1 | B13: Guideway and Civil - Guideway Structures | C13: Contractor Programme | D13: SCH-01-004 | E13: River crossing: road restoration - release | F13: ONE_TO_ONE | G13: RETAINED | H13: Carried forward | I13: Source assignment -- not individually reviewed | K13: Source assignment | M13: Contractor Programme Cycle 2 | N13: Rev 1 | O13: R4-v2 | V13: WBS Code = 1.1.1
A14: 1.1.1 | B14: Guideway and Civil - Guideway Structures | C14: Contractor Programme | D14: SCH-01-007 | E14: Depot lead: drainage tie-in - inspection | F14: ONE_TO_ONE | G14: RETAINED | H14: Carried forward | I14: Source assignment -- not individually reviewed | K14: Source assignment | M14: Contractor Programme Cycle 2 | N14: Rev 1 | O14: R7-v2 | V14: WBS Code = 1.1.1
... A171: 1.1.2 | B171: Guideway and Civil - Utility & Roadworks | C171: Contractor Programme | D171: SCH-01-003 | E171: Interface works near guideway and civil boundary | F171: ONE_TO_ONE | G171: RETAINED | H171: Carried forward | I171: Source assignment -- not individually reviewed | K171: Source assignment | M171: Contractor Programme Cycle 2 | N171: Rev 1 | O171: R3-v2 | V171: WBS Code = 1.1.2
A172: 1.1.2 | B172: Guideway and Civil - Utility & Roadworks | C172: Contractor Programme | D172: SCH-01-005 | E172: Central guideway: drilled-shaft installation - field start - relocated to adjacent governed scope | F172: ONE_TO_ONE | G172: APPROVED | H172: Changed, re-decided | I172: Professional decision | J172: Maya Chen, Owner Project Controls | K172: Source assignment | M172: Contractor Programme Cycle 2 | N172: Rev 1 | O172: R5-v3 | T172: Individual | U172: 'WBS Code' changed from 1.1.1 to 1.1.2; 'WBS Code' changed from 1.1.1 to 1.1.2; 'WBS Code' changed from 1.1.1 to 1.1.2 | V172: WBS Code = 1.1.2
A173: 1.1.2 | B173: Guideway and Civil - Utility & Roadworks | C173: Contractor Programme | D173: SCH-01-006 | E173: West approach: retaining-wall excavation - installation | F173: ONE_TO_ONE | G173: RETAINED | H173: Carried forward | I173: Source assignment -- not individually reviewed | K173: Source assignment | M173: Contractor Programme Cycle 2 | N173: Rev 1 | O173: R6-v2 | V173: WBS Code = 1.1.2
A174: 1.1.2 | B174: Guideway and Civil - Utility & Roadworks | C174: Contractor Programme | D174: SCH-01-009 | E174: River crossing: track-slab survey - release | F174: ONE_TO_ONE | G174: RETAINED | H174: Carried forward | I174: Source assignment -- not individually reviewed | K174: Source assignment | M174: Contractor Programme Cycle 2 | N174: Rev 1 | O174: R9-v2 | V174: WBS Code = 1.1.2
A175: 1.1.2 | B175: Guideway and Civil - Utility & Roadworks | C175: Contractor Programme | D175: SCH-01-012 | E175: Depot lead: road restoration - inspection | F175: ONE_TO_ONE | G175: RETAINED | H175: Carried forward | I175: Source assignment -- not individually reviewed | K175: Source assignment | M175: Contractor Programme Cycle 2 | N175: Rev 1 | O175: R12-v2 | V175: WBS Code = 1.1.2
A176: 1.1.2 | B176: Guideway and Civil - Utility & Roadworks | C176: Contractor Programme | D176: SCH-01-015 | E176: Central guideway: drainage tie-in - field start | F176: ONE_TO_ONE | G176: RETAINED | H176: Carried forward | I176: Source assignment -- not individually reviewed | K176: Source assignment | M176: Contractor Programme Cycle 2 | N176: Rev 1 | O176: R15-v2 | V176: WBS Code = 1.1.2
A177: 1.1.2 | B177: Guideway and Civil - Utility & Roadworks | C177: Contractor Programme | D177: SCH-01-018 | E177: East portal: temporary traffic staging - turnover | F177: ONE_TO_ONE | G177: RETAINED | H177: Carried forward | I177: Source assignment -- not individually reviewed | K177: Source assignment | M177: Contractor Programme Cycle 2 | N177: Rev 1 | O177: R18-v2 | V177: WBS Code = 1.1.2
A178: 1.1.2 | B178: Guideway and Civil - Utility & Roadworks | C178: Contractor Programme | D178: SCH-01-021 | E178: West approach: drilled-shaft installation - installation | F178: ONE_TO_ONE | G178: RETAINED | H178: Carried forward | I178: Source assignment -- not individually reviewed | K178: Source assignment | M178: Contractor Programme Cycle 2 | N178: Rev 1 | O178: R21-v2 | V178: WBS Code = 1.1.2
A179: 1.1.2 | B179: Guideway and Civil - Utility & Roadworks | C179: Contractor Programme | D179: SCH-01-024 | E179: River crossing: utility relocation - release | F179: ONE_TO_ONE | G179: RETAINED | H179: Carried forward | I179: Source assignment -- not individually reviewed | K179: Source assignment | M179: Contractor Programme Cycle 2 | N179: Rev 1 | O179: R24-v2 | V179: WBS Code = 1.1.2
A180: 1.1.2 | B180: Guideway and Civil - Utility & Roadworks | C180: Contractor Programme | D180: SCH-01-027 | E180: Depot lead: guideway pier reinforcement - inspection | F180: ONE_TO_ONE | G180: RETAINED | H180: Carried forward | I180: Source assignment -- not individually reviewed | K180: Source assignment | M180: Contractor Programme Cycle 2 | N180: Rev 1 | O180: R27-v2 | V180: WBS Code = 1.1.2
A181: 1.1.2 | B181: Guideway and Civil - Utility & Roadworks | C181: Contractor Programme | D181: SCH-01-030 | E181: Central guideway: retaining-wall excavation - field start | F181: ONE_TO_ONE | G181: RETAINED | H181: Carried forward | I181: Source assignment -- not individually reviewed | K181: Source assignment | M181: Contractor Programme Cycle 2 | N181: Rev 1 | O181: R30-v2 | V181: WBS Code = 1.1.2
A182: 1.1.2 | B182: Guideway and Civil - Utility & Roadworks | C182: Contractor Programme | D182: SCH-01-033 | E182: East portal: track-slab survey - turnover | F182: ONE_TO_ONE | G182: RETAINED | H182: Carried forward | I182: Source assignment -- not individually reviewed | K182: Source assignment | M182: Contractor Programme Cycle 2 | N182: Rev 1 | O182: R33-v2 | V182: WBS Code = 1.1.2
A183: 1.1.2 | B183: Guideway and Civil - Utility & Roadworks | C183: Contractor Programme | D183: SCH-01-036 | E183: West approach: road restoration - installation | F183: ONE_TO_ONE | G183: RETAINED | H183: Carried forward | I183: Source assignment -- not individually reviewed | K183: Source assignment | M183: Contractor Programme Cycle 2 | N183: Rev 1 | O183: R36-v2 | V183: WBS Code = 1.1.2
A184: 1.1.2 | B184: Guideway and Civil - Utility & Roadworks | C184: Contractor Programme | D184: SCH-01-039 | E184: River crossing: drainage tie-in - release | F184: ONE_TO_ONE | G184: RETAINED | H184: Carried forward | I184: Source assignment -- not individually reviewed | K184: Source assignment | M184: Contractor Programme Cycle 2 | N184: Rev 1 | O184: R39-v2 | V184: WBS Code = 1.1.2
... A233: 1.1.2 | B233: Guideway and Civil - Utility & Roadworks | C233: Cost & Forecast Control Accounts | D233: CST-01-004 | E233: Guideway and Civil - roadworks - field package | F233: ONE_TO_ONE | G233: RETAINED | H233: Carried forward | I233: Source assignment -- not individually reviewed | K233: Source assignment | M233: Cost & Forecast Control Accounts Cycle 2 | N233: Rev 1 | O233: R1086-v2 | V233: Cost Account = CA-1004; WBS Code = 1.1.2
A234: 1.1.2 | B234: Guideway and Civil - Utility & Roadworks | C234: Cost & Forecast Control Accounts | D234: CST-01-005 | E234: Guideway and Civil - temporary works - supply and install - relocated to adjacent governed scope | F234: ONE_TO_ONE | G234: APPROVED | H234: Changed, re-decided | I234: Professional decision | J234: Maya Chen, Owner Project Controls | K234: Source assignment | M234: Cost & Forecast Control Accounts Cycle 2 | N234: Rev 1 | O234: R1087-v3 | T234: Individual | U234: 'WBS Code' changed from 1.1.1 to 1.1.2; 'WBS Code' changed from 1.1.1 to 1.1.2; 'WBS Code' changed from 1.1.1 to 1.1.2 | V234: Cost Account = CA-1005; WBS Code = 1.1.2
A235: 1.1.2 | B235: Guideway and Civil - Utility & Roadworks | C235: Cost & Forecast Control Accounts | D235: CST-01-006 | E235: Guideway and Civil - concrete structures - professional services | F235: ONE_TO_ONE | G235: RETAINED | H235: Carried forward | I235: Source assignment -- not individually reviewed | K235: Source assignment | M235: Cost & Forecast Control Accounts Cycle 2 | N235: Rev 1 | O235: R1088-v2 | V235: Cost Account = CA-1006; WBS Code = 1.1.2
A236: 1.1.2 | B236: Guideway and Civil - Utility & Roadworks | C236: Cost & Forecast Control Accounts | D236: CST-01-008 | E236: Guideway and Civil - temporary works - closeout | F236: ONE_TO_ONE | G236: RETAINED | H236: Carried forward | I236: Source assignment -- not individually reviewed | K236: Source assignment | M236: Cost & Forecast Control Accounts Cycle 2 | N236: Rev 1 | O236: R1090-v2 | V236: Cost Account = CA-1008; WBS Code = 1.1.2
A237: 1.1.2 | B237: Guideway and Civil - Utility & Roadworks | C237: Cost & Forecast Control Accounts | D237: CST-01-010 | E237: Guideway and Civil - roadworks - supply and install | F237: ONE_TO_ONE | G237: RETAINED | H237: Carried forward | I237: Source assignment -- not individually reviewed | K237: Source assignment | M237: Cost & Forecast Control Accounts Cycle 2 | N237: Rev 1 | O237: R1092-v2 | V237: Cost Account = CA-1010; WBS Code = 1.1.2
A238: 1.1.2 | B238: Guideway and Civil - Utility & Roadworks | C238: Cost & Forecast Control Accounts | D238: CST-01-012 | E238: Guideway and Civil - concrete structures - allowance | F238: ONE_TO_ONE | G238: RETAINED | H238: Carried forward | I238: Source assignment -- not individually reviewed | K238: Source assignment | M238: Cost & Forecast Control Accounts Cycle 2 | N238: Rev 1 | O238: R1094-v2 | V238: Cost Account = CA-1012; WBS Code = 1.1.2
A239: 1.1.2 | B239: Guideway and Civil - Utility & Roadworks | C239: Cost & Forecast Control Accounts | D239: CST-01-014 | E239: Guideway and Civil - temporary works - field package | F239: ONE_TO_ONE | G239: RETAINED | H239: Carried forward | I239: Source assignment -- not individually reviewed | K239: Source assignment | M239: Cost & Forecast Control Accounts Cycle 2 | N239: Rev 1 | O239: R1096-v2 | V239: Cost Account = CA-1014; WBS Code = 1.1.2
A240: 1.1.2 | B240: Guideway and Civil - Utility & Roadworks | C240: Cost & Forecast Control Accounts | D240: CST-01-016 | E240: Guideway and Civil - roadworks - professional services | F240: ONE_TO_ONE | G240: RETAINED | H240: Carried forward | I240: Source assignment -- not individually reviewed | K240: Source assignment | M240: Cost & Forecast Control Accounts Cycle 2 | N240: Rev 1 | O240: R1098-v2 | V240: Cost Account = CA-1016; WBS Code = 1.1.2
A241: 1.1.2 | B241: Guideway and Civil - Utility & Roadworks | C241: Cost & Forecast Control Accounts | D241: CST-01-018 | E241: Guideway and Civil - concrete structures - closeout | F241: ONE_TO_ONE | G241: RETAINED | H241: Carried forward | I241: Source assignment -- not individually reviewed | K241: Source assignment | M241: Cost & Forecast Control Accounts Cycle 2 | N241: Rev 1 | O241: R1100-v2 | V241: Cost Account = CA-1018; WBS Code = 1.1.2
A242: 1.1.2 | B242: Guideway and Civil - Utility & Roadworks | C242: Cost & Forecast Control Accounts | D242: CST-01-020 | E242: Guideway and Civil - temporary works - supply and install | F242: ONE_TO_ONE | G242: RETAINED | H242: Carried forward | I242: Source assignment -- not individually reviewed | K242: Source assignment | M242: Cost & Forecast Control Accounts Cycle 2 | N242: Rev 1 | O242: R1102-v2 | V242: Cost Account = CA-1020; WBS Code = 1.1.2
A243: 1.1.2 | B243: Guideway and Civil - Utility & Roadworks | C243: Cost & Forecast Control Accounts | D243: CST-01-022 | E243: Guideway and Civil - roadworks - allowance | F243: ONE_TO_ONE | G243: RETAINED | H243: Carried forward | I243: Source assignment -- not individually reviewed | K243: Source assignment | M243: Cost & Forecast Control Accounts Cycle 2 | N243: Rev 1 | O243: R1104-v2 | V243: Cost Account = CA-1022; WBS Code = 1.1.2
A244: 1.1.2 | B244: Guideway and Civil - Utility & Roadworks | C244: Cost & Forecast Control Accounts | D244: CST-01-024 | E244: Guideway and Civil - concrete structures - field package | F244: ONE_TO_ONE | G244: RETAINED | H244: Carried forward | I244: Source assignment -- not individually reviewed | K244: Source assignment | M244: Cost & Forecast Control Accounts Cycle 2 | N244: Rev 1 | O244: R1106-v2 | V244: Cost Account = CA-1024; WBS Code = 1.1.2
A245: 1.1.2 | B245: Guideway and Civil - Utility & Roadworks | C245: Cost & Forecast Control Accounts | D245: CST-01-026 | E245: Guideway and Civil - temporary works - professional services | F245: ONE_TO_ONE | G245: RETAINED | H245: Carried forward | I245: Source assignment -- not individually reviewed | K245: Source assignment | M245: Cost & Forecast Control Accounts Cycle 2 | N245: Rev 1 | O245: R1108-v2 | V245: Cost Account = CA-1026; WBS Code = 1.1.2
A246: 1.1.2 | B246: Guideway and Civil - Utility & Roadworks | C246: Cost & Forecast Control Accounts | D246: CST-01-028 | E246: Guideway and Civil - roadworks - closeout | F246: ONE_TO_ONE | G246: RETAINED | H246: Carried forward | I246: Source assignment -- not individually reviewed | K246: Source assignment | M246: Cost & Forecast Control Accounts Cycle 2 | N246: Rev 1 | O246: R1110-v2 | V246: Cost Account = CA-1028; WBS Code = 1.1.2
... A272: 1.1.2 | B272: Guideway and Civil - Utility & Roadworks | C272: Cost & Forecast Control Accounts | D272: CST-01-080 | E272: Guideway and Civil - temporary works - supply and install | F272: ONE_TO_ONE | G272: RETAINED | H272: Carried forward | I272: Source assignment -- not individually reviewed | K272: Source assignment | M272: Cost & Forecast Control Accounts Cycle 2 | N272: Rev 1 | O272: R1162-v2 | V272: Cost Account = CA-1080; WBS Code = 1.1.2
A273: 1.2 | B273: Stations | C273: Commercial Package Register | D273: PKG-001 | E273: Guideway Civil Works | F273: ONE_TO_MANY | G273: RETAINED | H273: Carried forward | I273: Earlier professional decision, carried forward | J273: Maya Chen, Owner Project Controls | K273: Professional | L273: Split -- basis to be confirmed | M273: Commercial Package Register Cycle 2 | N273: Rev 1 | O273: R1563-v3 | T273: Individual, carried forward | V273: Package Code = PK-101; WBS Code = 1.1;1.2 | W273: Source states 'WBS Code' = '1.1;1.2' -- names no element of this WBS -- professional reason (Maya Chen, Owner Project Controls): Source package register explicitly states both Owner-WBS branches.
A274: 1.2 | B274: Stations | C274: Commercial Package Register | D274: PKG-005 | E274: Guideway Civil Works - Lot 2 - relocated to adjacent governed scope | F274: ONE_TO_ONE | G274: APPROVED | H274: Changed, re-decided | I274: Professional decision | J274: Maya Chen, Owner Project Controls | K274: Source assignment | M274: Commercial Package Register Cycle 2 | N274: Rev 1 | O274: R1567-v3 | T274: Individual | U274: 'WBS Code' changed from 1.1 to 1.2; 'WBS Code' changed from 1.1 to 1.2; 'WBS Code' changed from 1.1 to 1.2 | V274: Package Code = PK-105; WBS Code = 1.2
A275: 1.2 | B275: Stations | C275: Commercial Package Register | D275: PKG-011 | E275: Station Structural Works | F275: ONE_TO_ONE | G275: RETAINED | H275: Carried forward | I275: Source assignment -- not individually reviewed | K275: Source assignment | M275: Commercial Package Register Cycle 2 | N275: Rev 1 | O275: R1573-v2 | V275: Package Code = PK-201; WBS Code = 1.2
A276: 1.2 | B276: Stations | C276: Commercial Package Register | D276: PKG-012 | E276: Station Fit-Out | F276: ONE_TO_ONE | G276: RETAINED | H276: Carried forward | I276: Source assignment -- not individually reviewed | K276: Source assignment | M276: Commercial Package Register Cycle 2 | N276: Rev 1 | O276: R1574-v2 | V276: Package Code = PK-202; WBS Code = 1.2
A277: 1.2 | B277: Stations | C277: Commercial Package Register | D277: PKG-013 | E277: Building Services | F277: ONE_TO_ONE | G277: RETAINED | H277: Carried forward | I277: Source assignment -- not individually reviewed | K277: Source assignment | M277: Commercial Package Register Cycle 2 | N277: Rev 1 | O277: R1575-v2 | V277: Package Code = PK-203; WBS Code = 1.2
A278: 1.2 | B278: Stations | C278: Commercial Package Register | D278: PKG-014 | E278: Public Realm | F278: ONE_TO_ONE | G278: RETAINED | H278: Carried forward | I278: Source assignment -- not individually reviewed | K278: Source assignment | M278: Commercial Package Register Cycle 2 | N278: Rev 1 | O278: R1576-v2 | V278: Package Code = PK-204; WBS Code = 1.2
A279: 1.2 | B279: Stations | C279: Commercial Package Register | D279: PKG-015 | E279: Station Structural Works - Lot 2 | F279: ONE_TO_ONE | G279: RETAINED | H279: Carried forward | I279: Source assignment -- not individually reviewed | K279: Source assignment | M279: Commercial Package Register Cycle 2 | N279: Rev 1 | O279: R1577-v2 | V279: Package Code = PK-205; WBS Code = 1.2
A280: 1.2 | B280: Stations | C280: Commercial Package Register | D280: PKG-016 | E280: Station Fit-Out - Lot 2 | F280: ONE_TO_ONE | G280: RETAINED | H280: Carried forward | I280: Source assignment -- not individually reviewed | K280: Source assignment | M280: Commercial Package Register Cycle 2 | N280: Rev 1 | O280: R1578-v2 | V280: Package Code = PK-206; WBS Code = 1.2
A281: 1.2 | B281: Stations | C281: Commercial Package Register | D281: PKG-017 | E281: Building Services - Lot 2 | F281: ONE_TO_ONE | G281: RETAINED | H281: Carried forward | I281: Source assignment -- not individually reviewed | K281: Source assignment | M281: Commercial Package Register Cycle 2 | N281: Rev 1 | O281: R1579-v2 | V281: Package Code = PK-207; WBS Code = 1.2
A282: 1.2 | B282: Stations | C282: Commercial Package Register | D282: PKG-018 | E282: Public Realm - Lot 2 | F282: ONE_TO_ONE | G282: RETAINED | H282: Carried forward | I282: Source assignment -- not individually reviewed | K282: Source assignment | M282: Commercial Package Register Cycle 2 | N282: Rev 1 | O282: R1580-v2 | V282: Package Code = PK-208; WBS Code = 1.2
A283: 1.2 | B283: Stations | C283: Commercial Package Register | D283: PKG-019 | E283: Station Structural Works - Lot 3 | F283: ONE_TO_ONE | G283: RETAINED | H283: Carried forward | I283: Source assignment -- not individually reviewed | K283: Source assignment | M283: Commercial Package Register Cycle 2 | N283: Rev 1 | O283: R1581-v2 | V283: Package Code = PK-209; WBS Code = 1.2
A284: 1.2 | B284: Stations | C284: Commercial Package Register | D284: PKG-020 | E284: Station Fit-Out - Lot 3 | F284: ONE_TO_ONE | G284: RETAINED | H284: Carried forward | I284: Source assignment -- not individually reviewed | K284: Source assignment | M284: Commercial Package Register Cycle 2 | N284: Rev 1 | O284: R1582-v2 | V284: Package Code = PK-210; WBS Code = 1.2
A285: 1.2.1 | B285: Stations - Station Structures | C285: Contractor Programme | D285: SCH-02-001 | E285: Harbour Station: vertical-transport installation - inspection | F285: ONE_TO_ONE | G285: RETAINED | H285: Carried forward | I285: Source assignment -- not individually reviewed | K285: Source assignment | M285: Contractor Programme Cycle 2 | N285: Rev 1 | O285: R181-v2 | V285: WBS Code = 1.2.1
A286: 1.2.1 | B286: Stations - Station Structures | C286: Contractor Programme | D286: SCH-02-002 | E286: Market Station: platform edge installation - turnover | F286: ONE_TO_ONE | G286: RETAINED | H286: Carried forward | I286: Source assignment -- not individually reviewed | K286: Source assignment | M286: Contractor Programme Cycle 2 | N286: Rev 1 | O286: R182-v2 | V286: WBS Code = 1.2.1
... A444: 1.2.1 | B444: Stations - Station Structures | C444: Cost & Forecast Control Accounts | D444: CST-02-079 | E444: Stations - public realm - supply and install | F444: ONE_TO_ONE | G444: RETAINED | H444: Carried forward | I444: Source assignment -- not individually reviewed | K444: Source assignment | M444: Cost & Forecast Control Accounts Cycle 2 | N444: Rev 1 | O444: R1241-v2 | V444: Cost Account = CA-2079; WBS Code = 1.2.1
A445: 1.2.2 | B445: Stations - Architectural Fit-Out | C445: Contractor Programme | D445: SCH-02-003 | E445: Market Station: back-of-house interface works confirmed within station delivery boundary | F445: ONE_TO_ONE | G445: APPROVED | H445: New | I445: Professional decision | J445: Maya Chen, Owner Project Controls | K445: Source assignment | M445: Contractor Programme Cycle 2 | N445: Rev 1 | O445: R183-v4 | T445: Individual | U445: 'WBS Code' changed from (blank) to 1.2.2; 'WBS Code' changed from (blank) to 1.2.2; 'WBS Code' changed from (blank) to 1.2.2 | V445: WBS Code = 1.2.2
A446: 1.2.2 | B446: Stations - Architectural Fit-Out | C446: Contractor Programme | D446: SCH-02-006 | E446: Harbour Station: station ventilation rough-in - inspection | F446: ONE_TO_ONE | G446: RETAINED | H446: Carried forward | I446: Source assignment -- not individually reviewed | K446: Source assignment | M446: Contractor Programme Cycle 2 | N446: Rev 1 | O446: R186-v2 | V446: WBS Code = 1.2.2
A447: 1.2.2 | B447: Stations - Architectural Fit-Out | C447: Contractor Programme | D447: SCH-02-009 | E447: University Station: vertical-transport installation - field start | F447: ONE_TO_ONE | G447: RETAINED | H447: Carried forward | I447: Source assignment -- not individually reviewed | K447: Source assignment | M447: Contractor Programme Cycle 2 | N447: Rev 1 | O447: R189-v2 | V447: WBS Code = 1.2.2
A448: 1.2.2 | B448: Stations - Architectural Fit-Out | C448: Contractor Programme | D448: SCH-02-012 | E448: Market Station: fire-life-safety cabling - turnover | F448: ONE_TO_ONE | G448: RETAINED | H448: Carried forward | I448: Source assignment -- not individually reviewed | K448: Source assignment | M448: Contractor Programme Cycle 2 | N448: Rev 1 | O448: R192-v2 | V448: WBS Code = 1.2.2
A449: 1.2.2 | B449: Stations - Architectural Fit-Out | C449: Contractor Programme | D449: SCH-02-015 | E449: West Terminal: public-realm paving - installation | F449: ONE_TO_ONE | G449: RETAINED | H449: Carried forward | I449: Source assignment -- not individually reviewed | K449: Source assignment | M449: Contractor Programme Cycle 2 | N449: Rev 1 | O449: R195-v2 | V449: WBS Code = 1.2.2
A450: 1.2.2 | B450: Stations - Architectural Fit-Out | C450: Contractor Programme | D450: SCH-02-018 | E450: Civic Station: platform edge installation - release | F450: ONE_TO_ONE | G450: RETAINED | H450: Carried forward | I450: Source assignment -- not individually reviewed | K450: Source assignment | M450: Contractor Programme Cycle 2 | N450: Rev 1 | O450: R198-v2 | V450: WBS Code = 1.2.2
A451: 1.2.2 | B451: Stations - Architectural Fit-Out | C451: Contractor Programme | D451: SCH-02-021 | E451: Harbour Station: concourse slab pour - inspection | F451: ONE_TO_ONE | G451: RETAINED | H451: Carried forward | I451: Source assignment -- not individually reviewed | K451: Source assignment | M451: Contractor Programme Cycle 2 | N451: Rev 1 | O451: R201-v2 | V451: WBS Code = 1.2.2
A452: 1.2.2 | B452: Stations - Architectural Fit-Out | C452: Contractor Programme | D452: SCH-02-024 | E452: University Station: entrance steel erection - field start | F452: ONE_TO_ONE | G452: RETAINED | H452: Carried forward | I452: Source assignment -- not individually reviewed | K452: Source assignment | M452: Contractor Programme Cycle 2 | N452: Rev 1 | O452: R204-v2 | V452: WBS Code = 1.2.2
A453: 1.2.2 | B453: Stations - Architectural Fit-Out | C453: Contractor Programme | D453: SCH-02-027 | E453: Market Station: architectural wall framing - turnover | F453: ONE_TO_ONE | G453: RETAINED | H453: Carried forward | I453: Source assignment -- not individually reviewed | K453: Source assignment | M453: Contractor Programme Cycle 2 | N453: Rev 1 | O453: R207-v2 | V453: WBS Code = 1.2.2
A454: 1.2.2 | B454: Stations - Architectural Fit-Out | C454: Contractor Programme | D454: SCH-02-030 | E454: West Terminal: station ventilation rough-in - installation | F454: ONE_TO_ONE | G454: RETAINED | H454: Carried forward | I454: Source assignment -- not individually reviewed | K454: Source assignment | M454: Contractor Programme Cycle 2 | N454: Rev 1 | O454: R210-v2 | V454: WBS Code = 1.2.2
A455: 1.2.2 | B455: Stations - Architectural Fit-Out | C455: Contractor Programme | D455: SCH-02-033 | E455: Civic Station: vertical-transport installation - release | F455: ONE_TO_ONE | G455: RETAINED | H455: Carried forward | I455: Source assignment -- not individually reviewed | K455: Source assignment | M455: Contractor Programme Cycle 2 | N455: Rev 1 | O455: R213-v2 | V455: WBS Code = 1.2.2
A456: 1.2.2 | B456: Stations - Architectural Fit-Out | C456: Contractor Programme | D456: SCH-02-036 | E456: Harbour Station: fire-life-safety cabling - inspection | F456: ONE_TO_ONE | G456: RETAINED | H456: Carried forward | I456: Source assignment -- not individually reviewed | K456: Source assignment | M456: Contractor Programme Cycle 2 | N456: Rev 1 | O456: R216-v2 | V456: WBS Code = 1.2.2
A457: 1.2.2 | B457: Stations - Architectural Fit-Out | C457: Contractor Programme | D457: SCH-02-039 | E457: University Station: public-realm paving - field start | F457: ONE_TO_ONE | G457: RETAINED | H457: Carried forward | I457: Source assignment -- not individually reviewed | K457: Source assignment | M457: Contractor Programme Cycle 2 | N457: Rev 1 | O457: R219-v2 | V457: WBS Code = 1.2.2
... A1359: 1.6.2 | B1359: Program Management - Commercial & Procurement | C1359: Cost & Forecast Control Accounts | D1359: CST-06-080 | E1359: Program Management - stakeholder services - supply and install | F1359: ONE_TO_ONE | G1359: RETAINED | H1359: Carried forward | I1359: Source assignment -- not individually reviewed | K1359: Source assignment | M1359: Cost & Forecast Control Accounts Cycle 2 | N1359: Rev 1 | O1359: R1562-v2 | V1359: Cost Account = CA-6080; WBS Code = 1.6.2
A1360: NO_WBS | C1360: Contractor Programme | D1360: SCH-90-902 | E1360: Corporate training unrelated to project delivery scope | F1360: NO_WBS | G1360: RETAINED | H1360: Carried forward | I1360: Earlier professional decision, carried forward | J1360: Maya Chen, Owner Project Controls | K1360: Professional | M1360: Contractor Programme Cycle 2 | N1360: Rev 1 | O1360: R1082-v3 | T1360: Individual, carried forward
A1361: UNSURE | C1361: Commercial Package Register | D1361: PKG-903 | E1361: Supplemental procurement package | F1361: UNSURE | G1361: APPROVED | H1361: New | I1361: Professional decision | J1361: Maya Chen, Owner Project Controls | K1361: Professional | M1361: Commercial Package Register Cycle 2 | N1361: Rev 1 | O1361: R1625-v2 | T1361: Individual | V1361: Package Code = PK-101; WBS Code = 1.1;1.2
A1362: UNSURE | C1362: Contractor Programme | D1362: SCH-03-007 | E1362: Control Centre interface installation pending scope authorization; prior location reference withdrawn | F1362: UNSURE | G1362: APPROVED | H1362: Changed, re-decided | I1362: Professional decision | J1362: Maya Chen, Owner Project Controls | K1362: Professional | M1362: Contractor Programme Cycle 2 | N1362: Rev 1 | O1362: R367-v3 | T1362: Individual | U1362: 'WBS Code' changed from 1.3.1 to (blank); 'WBS Code' changed from 1.3.1 to (blank); 'WBS Code' changed from 1.3.1 to (blank)
A1363: UNSURE | C1363: Contractor Programme | D1363: SCH-04-003 | E1363: Interface works near vehicles and depot boundary | F1363: UNSURE | G1363: RETAINED | H1363: Carried forward | I1363: Earlier professional decision, carried forward | J1363: Maya Chen, Owner Project Controls | K1363: Professional | M1363: Contractor Programme Cycle 2 | N1363: Rev 1 | O1363: R543-v3 | T1363: Group decision (182 records sharing one decision state), carried forward
A1364: UNSURE | C1364: Contractor Programme | D1364: SCH-06-001 | E1364: Systems package: commercial change review - installation | F1364: UNSURE | G1364: RETAINED | H1364: Carried forward | I1364: Earlier professional decision, carried forward | J1364: Maya Chen, Owner Project Controls | K1364: Professional | M1364: Contractor Programme Cycle 2 | N1364: Rev 1 | O1364: R901-v3 | T1364: Group decision (182 records sharing one decision state), carried forward
A1365: UNSURE | C1365: Contractor Programme | D1365: SCH-06-002 | E1365: Fleet package: design-package integration review - inspection | F1365: UNSURE | G1365: RETAINED | H1365: Carried forward | I1365: Earlier professional decision, carried forward | J1365: Maya Chen, Owner Project Controls | K1365: Professional | M1365: Contractor Programme Cycle 2 | N1365: Rev 1 | O1365: R902-v3 | T1365: Group decision (182 records sharing one decision state), carried forward
A1366: UNSURE | C1366: Contractor Programme | D1366: SCH-06-003 | E1366: Interface works near program management boundary | F1366: UNSURE | G1366: RETAINED | H1366: Carried forward | I1366: Earlier professional decision, carried forward | J1366: Maya Chen, Owner Project Controls | K1366: Professional | M1366: Contractor Programme Cycle 2 | N1366: Rev 1 | O1366: R903-v3 | T1366: Group decision (182 records sharing one decision state), carried forward
A1367: UNSURE | C1367: Contractor Programme | D1367: SCH-06-004 | E1367: Civil package: permit coordination - release | F1367: UNSURE | G1367: RETAINED | H1367: Carried forward | I1367: Earlier professional decision, carried forward | J1367: Maya Chen, Owner Project Controls | K1367: Professional | M1367: Contractor Programme Cycle 2 | N1367: Rev 1 | O1367: R904-v3 | T1367: Group decision (182 records sharing one decision state), carried forward
A1368: UNSURE | C1368: Contractor Programme | D1368: SCH-06-005 | E1368: Stations package: delivery risk workshop - field start | F1368: UNSURE | G1368: RETAINED | H1368: Carried forward | I1368: Earlier professional decision, carried forward | J1368: Maya Chen, Owner Project Controls | K1368: Professional | M1368: Contractor Programme Cycle 2 | N1368: Rev 1 | O1368: R905-v3 | T1368: Group decision (182 records sharing one decision state), carried forward
A1369: UNSURE | C1369: Contractor Programme | D1369: SCH-06-006 | E1369: Systems package: monthly controls cut-off - installation | F1369: UNSURE | G1369: RETAINED | H1369: Carried forward | I1369: Earlier professional decision, carried forward | J1369: Maya Chen, Owner Project Controls | K1369: Professional | M1369: Contractor Programme Cycle 2 | N1369: Rev 1 | O1369: R906-v3 | T1369: Group decision (182 records sharing one decision state), carried forward
A1370: UNSURE | C1370: Contractor Programme | D1370: SCH-06-007 | E1370: Fleet package: stakeholder interface meeting - inspection | F1370: UNSURE | G1370: RETAINED | H1370: Carried forward | I1370: Earlier professional decision, carried forward | J1370: Maya Chen, Owner Project Controls | K1370: Professional | M1370: Contractor Programme Cycle 2 | N1370: Rev 1 | O1370: R907-v3 | T1370: Group decision (182 records sharing one decision state), carried forward
A1371: UNSURE | C1371: Contractor Programme | D1371: SCH-06-008 | E1371: Program office: baseline change control - turnover | F1371: UNSURE | G1371: RETAINED | H1371: Carried forward | I1371: Earlier professional decision, carried forward | J1371: Maya Chen, Owner Project Controls | K1371: Professional | M1371: Contractor Programme Cycle 2 | N1371: Rev 1 | O1371: R908-v3 | T1371: Group decision (182 records sharing one decision state), carried forward
A1372: UNSURE | C1372: Contractor Programme | D1372: SCH-06-009 | E1372: Civil package: commercial change review - release | F1372: UNSURE | G1372: RETAINED | H1372: Carried forward | I1372: Earlier professional decision, carried forward | J1372: Maya Chen, Owner Project Controls | K1372: Professional | M1372: Contractor Programme Cycle 2 | N1372: Rev 1 | O1372: R909-v3 | T1372: Group decision (182 records sharing one decision state), carried forward
A1373: UNSURE | C1373: Contractor Programme | D1373: SCH-06-010 | E1373: Stations package: design-package integration review - field start | F1373: UNSURE | G1373: RETAINED | H1373: Carried forward | I1373: Earlier professional decision, carried forward | J1373: Maya Chen, Owner Project Controls | K1373: Professional | M1373: Contractor Programme Cycle 2 | N1373: Rev 1 | O1373: R910-v3 | T1373: Group decision (182 records sharing one decision state), carried forward
A1374: UNSURE | C1374: Contractor Programme | D1374: SCH-06-011 | E1374: Systems package: executive reporting close - installation | F1374: UNSURE | G1374: RETAINED | H1374: Carried forward | I1374: Earlier professional decision, carried forward | J1374: Maya Chen, Owner Project Controls | K1374: Professional | M1374: Contractor Programme Cycle 2 | N1374: Rev 1 | O1374: R911-v3 | T1374: Group decision (182 records sharing one decision state), carried forward
... A1543: UNSURE | C1543: Contractor Programme | D1543: SCH-06-180 | E1543: Stations package: permit coordination - field start | F1543: UNSURE | G1543: RETAINED | H1543: Carried forward | I1543: Earlier professional decision, carried forward | J1543: Maya Chen, Owner Project Controls | K1543: Professional | M1543: Contractor Programme Cycle 2 | N1543: Rev 1 | O1543: R1080-v3 | T1543: Group decision (182 records sharing one decision state), carried forward
A1544: UNSURE | C1544: Cost & Forecast Control Accounts | D1544: CST-03-004 | E1544: Systems - systems integration - professional services | F1544: UNSURE | G1544: RETAINED | H1544: Carried forward | I1544: Earlier professional decision, carried forward | J1544: Maya Chen, Owner Project Controls | K1544: Professional | M1544: Cost & Forecast Control Accounts Cycle 2 | N1544: Rev 1 | O1544: R1246-v3 | T1544: Group decision (81 records sharing one decision state), carried forward | V1544: Cost Account = CA-3004
A1545: UNSURE | C1545: Cost & Forecast Control Accounts | D1545: CST-05-001 | E1545: Testing & readiness - trial running - control account | F1545: UNSURE | G1545: RETAINED | H1545: Carried forward | I1545: Earlier professional decision, carried forward | J1545: Maya Chen, Owner Project Controls | K1545: Professional | M1545: Cost & Forecast Control Accounts Cycle 2 | N1545: Rev 1 | O1545: R1403-v3 | T1545: Group decision (81 records sharing one decision state), carried forward | V1545: Cost Account = CA-5001
A1546: UNSURE | C1546: Cost & Forecast Control Accounts | D1546: CST-05-002 | E1546: Testing & readiness - safety certification - control account | F1546: UNSURE | G1546: RETAINED | H1546: Carried forward | I1546: Earlier professional decision, carried forward | J1546: Maya Chen, Owner Project Controls | K1546: Professional | M1546: Cost & Forecast Control Accounts Cycle 2 | N1546: Rev 1 | O1546: R1404-v3 | T1546: Group decision (81 records sharing one decision state), carried forward | V1546: Cost Account = CA-5002
A1547: UNSURE | C1547: Cost & Forecast Control Accounts | D1547: CST-05-003 | E1547: Testing & readiness - defect closeout - control account | F1547: UNSURE | G1547: RETAINED | H1547: Carried forward | I1547: Earlier professional decision, carried forward | J1547: Maya Chen, Owner Project Controls | K1547: Professional | M1547: Cost & Forecast Control Accounts Cycle 2 | N1547: Rev 1 | O1547: R1405-v3 | T1547: Group decision (81 records sharing one decision state), carried forward | V1547: Cost Account = CA-5003
A1548: UNSURE | C1548: Cost & Forecast Control Accounts | D1548: CST-05-004 | E1548: Testing & readiness - test management - control account | F1548: UNSURE | G1548: RETAINED | H1548: Carried forward | I1548: Earlier professional decision, carried forward | J1548: Maya Chen, Owner Project Controls | K1548: Professional | M1548: Cost & Forecast Control Accounts Cycle 2 | N1548: Rev 1 | O1548: R1406-v3 | T1548: Group decision (81 records sharing one decision state), carried forward | V1548: Cost Account = CA-5004
A1549: UNSURE | C1549: Cost & Forecast Control Accounts | D1549: CST-05-005 | E1549: Testing & readiness - trial running - control account | F1549: UNSURE | G1549: RETAINED | H1549: Carried forward | I1549: Earlier professional decision, carried forward | J1549: Maya Chen, Owner Project Controls | K1549: Professional | M1549: Cost & Forecast Control Accounts Cycle 2 | N1549: Rev 1 | O1549: R1407-v3 | T1549: Group decision (81 records sharing one decision state), carried forward | V1549: Cost Account = CA-5005
A1550: UNSURE | C1550: Cost & Forecast Control Accounts | D1550: CST-05-006 | E1550: Testing & readiness - safety certification - control account | F1550: UNSURE | G1550: RETAINED | H1550: Carried forward | I1550: Earlier professional decision, carried forward | J1550: Maya Chen, Owner Project Controls | K1550: Professional | M1550: Cost & Forecast Control Accounts Cycle 2 | N1550: Rev 1 | O1550: R1408-v3 | T1550: Group decision (81 records sharing one decision state), carried forward | V1550: Cost Account = CA-5006
A1551: UNSURE | C1551: Cost & Forecast Control Accounts | D1551: CST-05-007 | E1551: Testing & readiness - defect closeout - control account | F1551: UNSURE | G1551: RETAINED | H1551: Carried forward | I1551: Earlier professional decision, carried forward | J1551: Maya Chen, Owner Project Controls | K1551: Professional | M1551: Cost & Forecast Control Accounts Cycle 2 | N1551: Rev 1 | O1551: R1409-v3 | T1551: Group decision (81 records sharing one decision state), carried forward | V1551: Cost Account = CA-5007
A1552: UNSURE | C1552: Cost & Forecast Control Accounts | D1552: CST-05-008 | E1552: Testing & readiness - test management - control account | F1552: UNSURE | G1552: RETAINED | H1552: Carried forward | I1552: Earlier professional decision, carried forward | J1552: Maya Chen, Owner Project Controls | K1552: Professional | M1552: Cost & Forecast Control Accounts Cycle 2 | N1552: Rev 1 | O1552: R1410-v3 | T1552: Group decision (81 records sharing one decision state), carried forward | V1552: Cost Account = CA-5008
A1553: UNSURE | C1553: Cost & Forecast Control Accounts | D1553: CST-05-009 | E1553: Testing & readiness - trial running - control account | F1553: UNSURE | G1553: RETAINED | H1553: Carried forward | I1553: Earlier professional decision, carried forward | J1553: Maya Chen, Owner Project Controls | K1553: Professional | M1553: Cost & Forecast Control Accounts Cycle 2 | N1553: Rev 1 | O1553: R1411-v3 | T1553: Group decision (81 records sharing one decision state), carried forward | V1553: Cost Account = CA-5009
A1554: UNSURE | C1554: Cost & Forecast Control Accounts | D1554: CST-05-010 | E1554: Testing & readiness - safety certification - control account | F1554: UNSURE | G1554: RETAINED | H1554: Carried forward | I1554: Earlier professional decision, carried forward | J1554: Maya Chen, Owner Project Controls | K1554: Professional | M1554: Cost & Forecast Control Accounts Cycle 2 | N1554: Rev 1 | O1554: R1412-v3 | T1554: Group decision (81 records sharing one decision state), carried forward | V1554: Cost Account = CA-5010
A1555: UNSURE | C1555: Cost & Forecast Control Accounts | D1555: CST-05-011 | E1555: Testing & readiness - defect closeout - control account | F1555: UNSURE | G1555: RETAINED | H1555: Carried forward | I1555: Earlier professional decision, carried forward | J1555: Maya Chen, Owner Project Controls | K1555: Professional | M1555: Cost & Forecast Control Accounts Cycle 2 | N1555: Rev 1 | O1555: R1413-v3 | T1555: Group decision (81 records sharing one decision state), carried forward | V1555: Cost Account = CA-5011
...

Sheet OWNER WBS
A1: Code | B1: Name | C1: Parent Code | D1: Represented Dimension | E1: Scope Nature | F1: Roll-up | G1: Provenance | H1: Current Rows Mapped
A2: 1 | B2: HarbourLink Urban Transit Expansion | E2: Deliverable | G2: System Proposed | H2: =COUNTIFS('MASTER DATA'!$A$2:$A$1627,A2,'MASTER DATA'!$G$2:$G$1627,"<>RETIRED")
A3: 1.1 | B3: Guideway and Civil | C3: 1 | E3: Deliverable | G3: System Proposed | H3: =COUNTIFS('MASTER DATA'!$A$2:$A$1627,A3,'MASTER DATA'!$G$2:$G$1627,"<>RETIRED")
A4: 1.1.1 | B4: Guideway and Civil - Guideway Structures | C4: 1.1 | E4: Deliverable | G4: System Proposed | H4: =COUNTIFS('MASTER DATA'!$A$2:$A$1627,A4,'MASTER DATA'!$G$2:$G$1627,"<>RETIRED")
A5: 1.1.1.1 | B5: Guideway Structures - East Segment | C5: 1.1.1 | E5: Deliverable | G5: System Proposed | H5: =COUNTIFS('MASTER DATA'!$A$2:$A$1627,A5,'MASTER DATA'!$G$2:$G$1627,"<>RETIRED")
A6: 1.1.1.2 | B6: Guideway Structures - West Segment | C6: 1.1.1 | E6: Deliverable | G6: System Proposed | H6: =COUNTIFS('MASTER DATA'!$A$2:$A$1627,A6,'MASTER DATA'!$G$2:$G$1627,"<>RETIRED")
A7: 1.1.2 | B7: Guideway and Civil - Utility & Roadworks | C7: 1.1 | E7: Deliverable | G7: System Proposed | H7: =COUNTIFS('MASTER DATA'!$A$2:$A$1627,A7,'MASTER DATA'!$G$2:$G$1627,"<>RETIRED")
A8: 1.1.2.1 | B8: Utility & Roadworks - East Segment | C8: 1.1.2 | E8: Deliverable | G8: System Proposed | H8: =COUNTIFS('MASTER DATA'!$A$2:$A$1627,A8,'MASTER DATA'!$G$2:$G$1627,"<>RETIRED")
A9: 1.1.2.2 | B9: Utility & Roadworks - West Segment | C9: 1.1.2 | E9: Deliverable | G9: System Proposed | H9: =COUNTIFS('MASTER DATA'!$A$2:$A$1627,A9,'MASTER DATA'!$G$2:$G$1627,"<>RETIRED")
A10: 1.1.3 | B10: Guideway and Civil - Track Support Works | C10: 1.1 | E10: Deliverable | G10: System Proposed | H10: =COUNTIFS('MASTER DATA'!$A$2:$A$1627,A10,'MASTER DATA'!$G$2:$G$1627,"<>RETIRED")
A11: 1.1.3.1 | B11: Track Support Works - East Segment | C11: 1.1.3 | E11: Deliverable | G11: System Proposed | H11: =COUNTIFS('MASTER DATA'!$A$2:$A$1627,A11,'MASTER DATA'!$G$2:$G$1627,"<>RETIRED")
A12: 1.1.3.2 | B12: Track Support Works - West Segment | C12: 1.1.3 | E12: Deliverable | G12: System Proposed | H12: =COUNTIFS('MASTER DATA'!$A$2:$A$1627,A12,'MASTER DATA'!$G$2:$G$1627,"<>RETIRED")
A13: 1.1.4 | B13: Guideway and Civil - Civil Interfaces | C13: 1.1 | E13: Deliverable | G13: System Proposed | H13: =COUNTIFS('MASTER DATA'!$A$2:$A$1627,A13,'MASTER DATA'!$G$2:$G$1627,"<>RETIRED")
A14: 1.1.4.1 | B14: Civil Interfaces - East Segment | C14: 1.1.4 | E14: Deliverable | G14: System Proposed | H14: =COUNTIFS('MASTER DATA'!$A$2:$A$1627,A14,'MASTER DATA'!$G$2:$G$1627,"<>RETIRED")
... A80: 1.6.4.2 | B80: Delivery Integration - Delivery Partners | C80: 1.6.4 | E80: Deliverable | G80: System Proposed | H80: =COUNTIFS('MASTER DATA'!$A$2:$A$1627,A80,'MASTER DATA'!$G$2:$G$1627,"<>RETIRED")

Sheet RELATIONSHIP EXPLORER
A1: WBS Code | B1: WBS Element | C1: Level | D1: Schedule | E1: Cost | F1: Package / Contract | G1: Other | H1: Governed | I1: Needing Attention | J1: Changed
B2: HarbourLink Urban Transit Expansion | C2: 0 | D2: 899 | E2: 399 | F2: 59 | G2: 0 | H2: 1357 | I2: 0 | J2: 7
A3: 1 | B3: HarbourLink Urban Transit Expansion | C3: 1 | D3: 899 | E3: 399 | F3: 59 | G3: 0 | H3: 1357 | I3: 0 | J3: 7
A4: 1.1 | B4: Guideway and Civil | C4: 2 | D4: 181 | E4: 81 | F4: 9 | G4: 0 | H4: 271 | I4: 0 | J4: 5
A5: 1.1.1 | B5: Guideway and Civil - Guideway Structures | C5: 3 | D5: 120 | E5: 40 | F5: 0 | G5: 0 | H5: 160 | I5: 0 | J5: 3
A6: 1.1.1.1 | B6: Guideway Structures - East Segment | C6: 4 | D6: 0 | E6: 0 | F6: 0 | G6: 0 | H6: 0 | I6: 0 | J6: 0
A7: 1.1.1.2 | B7: Guideway Structures - West Segment | C7: 4 | D7: 0 | E7: 0 | F7: 0 | G7: 0 | H7: 0 | I7: 0 | J7: 0
A8: 1.1.2 | B8: Guideway and Civil - Utility & Roadworks | C8: 3 | D8: 61 | E8: 41 | F8: 0 | G8: 0 | H8: 102 | I8: 0 | J8: 2
A9: 1.1.2.1 | B9: Utility & Roadworks - East Segment | C9: 4 | D9: 0 | E9: 0 | F9: 0 | G9: 0 | H9: 0 | I9: 0 | J9: 0
A10: 1.1.2.2 | B10: Utility & Roadworks - West Segment | C10: 4 | D10: 0 | E10: 0 | F10: 0 | G10: 0 | H10: 0 | I10: 0 | J10: 0
A11: 1.1.3 | B11: Guideway and Civil - Track Support Works | C11: 3 | D11: 0 | E11: 0 | F11: 0 | G11: 0 | H11: 0 | I11: 0 | J11: 0
A12: 1.1.3.1 | B12: Track Support Works - East Segment | C12: 4 | D12: 0 | E12: 0 | F12: 0 | G12: 0 | H12: 0 | I12: 0 | J12: 0
A13: 1.1.3.2 | B13: Track Support Works - West Segment | C13: 4 | D13: 0 | E13: 0 | F13: 0 | G13: 0 | H13: 0 | I13: 0 | J13: 0
A14: 1.1.4 | B14: Guideway and Civil - Civil Interfaces | C14: 3 | D14: 0 | E14: 0 | F14: 0 | G14: 0 | H14: 0 | I14: 0 | J14: 0
... A81: 1.6.4.2 | B81: Delivery Integration - Delivery Partners | C81: 4 | D81: 0 | E81: 0 | F81: 0 | G81: 0 | H81: 0 | I81: 0 | J81: 0

Sheet UNRESOLVED
A1: Source Document | B1: Source Record ID | C1: Description | D1: Relationship Type | E1: Decided By | F1: Basis
A2: Contractor Programme | B2: SCH-90-902 | C2: Corporate training unrelated to project delivery scope | D2: NO_WBS | E2: Maya Chen, Owner Project Controls | F2: Earlier professional decision, carried forward
A3: Commercial Package Register | B3: PKG-903 | C3: Supplemental procurement package | D3: UNSURE | E3: Maya Chen, Owner Project Controls | F3: Professional decision
A4: Contractor Programme | B4: SCH-03-007 | C4: Control Centre interface installation pending scope authorization; prior location reference withdrawn | D4: UNSURE | E4: Maya Chen, Owner Project Controls | F4: Professional decision
A5: Contractor Programme | B5: SCH-04-003 | C5: Interface works near vehicles and depot boundary | D5: UNSURE | E5: Maya Chen, Owner Project Controls | F5: Earlier professional decision, carried forward
A6: Contractor Programme | B6: SCH-06-001 | C6: Systems package: commercial change review - installation | D6: UNSURE | E6: Maya Chen, Owner Project Controls | F6: Earlier professional decision, carried forward
A7: Contractor Programme | B7: SCH-06-002 | C7: Fleet package: design-package integration review - inspection | D7: UNSURE | E7: Maya Chen, Owner Project Controls | F7: Earlier professional decision, carried forward
A8: Contractor Programme | B8: SCH-06-003 | C8: Interface works near program management boundary | D8: UNSURE | E8: Maya Chen, Owner Project Controls | F8: Earlier professional decision, carried forward
A9: Contractor Programme | B9: SCH-06-004 | C9: Civil package: permit coordination - release | D9: UNSURE | E9: Maya Chen, Owner Project Controls | F9: Earlier professional decision, carried forward
A10: Contractor Programme | B10: SCH-06-005 | C10: Stations package: delivery risk workshop - field start | D10: UNSURE | E10: Maya Chen, Owner Project Controls | F10: Earlier professional decision, carried forward
A11: Contractor Programme | B11: SCH-06-006 | C11: Systems package: monthly controls cut-off - installation | D11: UNSURE | E11: Maya Chen, Owner Project Controls | F11: Earlier professional decision, carried forward
A12: Contractor Programme | B12: SCH-06-007 | C12: Fleet package: stakeholder interface meeting - inspection | D12: UNSURE | E12: Maya Chen, Owner Project Controls | F12: Earlier professional decision, carried forward
... A266: Cost & Forecast Control Accounts | B266: CST-05-080 | C266: Testing & readiness - test management - control account | D266: UNSURE | E266: Maya Chen, Owner Project Controls | F266: Earlier professional decision, carried forward
A267: Contractor Programme | B267: SCH-90-901 | C267: Temporary offsite logistics compound | D267: NEW_SCOPE | F267: Retired -- no longer reported

Sheet HISTORY
A1: Mapping versions
A2: Mapping Version | B2: Status | C2: Purpose | D2: Approved By | E2: Approved (UTC)
A3: MV-1 | B3: SUPERSEDED | C3: REPORTING | D3: Maya Chen, Owner Project Controls | E3: 2026-10-16 14:11
A4: MV-2 | B4: APPROVED | C4: REPORTING | D4: Maya Chen, Owner Project Controls | E4: 2026-10-16 14:14
A6: WBS versions
A7: WBS Version | B7: Status | C7: Approved By | D7: Effective From (UTC) | E7: Effective To (UTC)
A8: 1 | B8: ACTIVE | C8: Maya Chen, Owner Project Controls | D8: 2026-10-16 14:10

Sheet SUMMARY
A1: WBS↔LINK by ZP Synergy Group
A2: SUPPORTING SUMMARY: legacy reconciliation detail
A3: EXECUTIVE VIEW is the primary management summary. This sheet preserves established reconciliation detail.
A5: Project | B5: HarbourLink Urban Transit Expansion
A6: Approval state | B6: APPROVED -- Maya Chen, Owner Project Controls, 2026-10-16 14:14 UTC
A7: Data date | B7: 2026-07-31 (Contractor Programme Rev 1); 2026-07-31 (Cost & Forecast Control Accounts Rev 1); 2026-07-31 (Commercial Package Register Rev 1)
A8: Generated (UTC) | B8: 2026-10-16 14:16
A9: Mapping version | B9: MV-2 (Reporting)
A10: Approved by | B10: Maya Chen, Owner Project Controls
A11: Approved (UTC) | B11: 2026-10-16 14:14
A12: Against WBS version | B12: 1, approved by Maya Chen, Owner Project Controls
A13: Source documents | B13: Contractor Programme (Rev 1); Cost & Forecast Control Accounts (Rev 1); Commercial Package Register (Rev 1)
A14: WBS generated from | B14: Owner WBS
A15: Source representation | B15: Established: every materially populated supplied region has an established TABLE or CONTEXT interpretation, and every table used has a governed role. Output reconciliation shows that the Crosswalk, XLSX, PDF and JSON consume one governed state. It does not show that the upstream source representation is true: that is the source representation integrity gate.
A16: Produced with | B16: Premium Workbook Rev 2
A18: Counts (live formulas over MASTER DATA)
A19: By change vs previous version
A20: Carried forward | B20: =COUNTIF('MASTER DATA'!$H$2:$H$1627,"Carried forward")
A21: Re-keyed, revalidated | B21: =COUNTIF('MASTER DATA'!$H$2:$H$1627,"Re-keyed, revalidated")
A22: Changed, re-decided | B22: =COUNTIF('MASTER DATA'!$H$2:$H$1627,"Changed, re-decided")
A23: New | B23: =COUNTIF('MASTER DATA'!$H$2:$H$1627,"New")
A24: Retired | B24: =COUNTIF('MASTER DATA'!$H$2:$H$1627,"Retired")
A25: By basis
A26: Professional decision | B26: =COUNTIF('MASTER DATA'!$I$2:$I$1627,"Professional decision")
A27: Earlier professional decision, carried forward | B27: =COUNTIF('MASTER DATA'!$I$2:$I$1627,"Earlier professional decision, carried forward")
A28: Source assignment -- not individually reviewed | B28: =COUNTIF('MASTER DATA'!$I$2:$I$1627,"Source assignment -- not individually reviewed")
A29: WBS↔LINK -- not individually reviewed | B29: =COUNTIF('MASTER DATA'!$I$2:$I$1627,"WBS↔LINK -- not individually reviewed")
A30: Retired -- no longer reported | B30: =COUNTIF('MASTER DATA'!$I$2:$I$1627,"Retired -- no longer reported")
A31: By relationship type
A32: ONE_TO_ONE | B32: =COUNTIF('MASTER DATA'!$F$2:$F$1627,"ONE_TO_ONE")
A33: ONE_TO_MANY | B33: =COUNTIF('MASTER DATA'!$F$2:$F$1627,"ONE_TO_MANY")
A34: NO_WBS | B34: =COUNTIF('MASTER DATA'!$F$2:$F$1627,"NO_WBS")
A35: NEW_SCOPE | B35: =COUNTIF('MASTER DATA'!$F$2:$F$1627,"NEW_SCOPE")
A36: UNSURE | B36: =COUNTIF('MASTER DATA'!$F$2:$F$1627,"UNSURE")
A37: Total rows | B37: =COUNTA('MASTER DATA'!$O$2:$O$1627)
A38: Check: basis rows add up to the total | B38: =IF(COUNTIF('MASTER DATA'!$I$2:$I$1627,"Professional decision")+COUNTIF('MASTER DATA'!$I$2:$I$1627,"Earlier professional decision, carried forward")+COUNTIF('MASTER DATA'!$I$2:$I$1627,"Source assignment -- not individually reviewed")+COUNTIF('MASTER DATA'!$I$2:$I$1627,"WBS↔LINK -- not individually reviewed")+COUNTIF('MASTER DATA'!$I$2:$I$1627,"Retired -- no longer reported")=COUNTA('MASTER DATA'!$O$2:$O$1627),"reconciled","DOES NOT RECONCILE")
A40: Canonical executive position: 03 EXECUTIVE VIEW
